Season,Round,EventName,Circuit,SessionType,EventDate,DriverNumber,Abbreviation,DriverId,TeamName,TeamId,FirstName,LastName,HeadshotUrl,Position,ClassifiedPosition,GridPosition,Q1,Q2,Q3,Time,Status,Points,Laps,AirTemp_mean,TrackTemp_mean,Humidity_mean,WindSpeed_mean,Rainfall
2021,10,British Grand Prix,Silverstone,S,2021-07-18,33,VER,max_verstappen,Red Bull Racing,red_bull,Max,Verstappen,https://www.formula1.com/content/dam/fom-website/drivers/M/MAXVER01_Max_Verstappen/maxver01.png.transform/1col/image.png,1.0,1,2.0,,,,0 days 00:25:38.426000,Finished,3.0,17.0,27.4,48.4,45.7,0.5,False
2021,10,British Grand Prix,Silverstone,S,2021-07-18,44,HAM,hamilton,Mercedes,mercedes,Lewis,Hamilton,https://www.formula1.com/content/dam/fom-website/drivers/L/LEWHAM01_Lewis_Hamilton/lewham01.png.transform/1col/image.png,2.0,2,1.0,,,,0 days 00:00:01.430000,Finished,2.0,17.0,27.4,48.4,45.7,0.5,False
2021,10,British Grand Prix,Silverstone,S,2021-07-18,77,BOT,bottas,Mercedes,mercedes,Valtteri,Bottas,https://www.formula1.com/content/dam/fom-website/drivers/V/VALBOT01_Valtteri_Bottas/valbot01.png.transform/1col/image.png,3.0,3,3.0,,,,0 days 00:00:07.502000,Finished,1.0,17.0,27.4,48.4,45.7,0.5,False
2021,10,British Grand Prix,Silverstone,S,2021-07-18,16,LEC,leclerc,Ferrari,ferrari,Charles,Leclerc,https://www.formula1.com/content/dam/fom-website/drivers/C/CHALEC01_Charles_Leclerc/chalec01.png.transform/1col/image.png,4.0,4,4.0,,,,0 days 00:00:11.278000,Finished,0.0,17.0,27.4,48.4,45.7,0.5,False
2021,10,British Grand Prix,Silverstone,S,2021-07-18,4,NOR,norris,McLaren,mclaren,Lando,Norris,https://www.formula1.com/content/dam/fom-website/drivers/L/LANNOR01_Lando_Norris/lannor01.png.transform/1col/image.png,5.0,5,6.0,,,,0 days 00:00:24.111000,Finished,0.0,17.0,27.4,48.4,45.7,0.5,False
2021,10,British Grand Prix,Silverstone,S,2021-07-18,3,RIC,ricciardo,McLaren,mclaren,Daniel,Ricciardo,https://www.formula1.com/content/dam/fom-website/drivers/D/DANRIC01_Daniel_Ricciardo/danric01.png.transform/1col/image.png,6.0,6,7.0,,,,0 days 00:00:30.959000,Finished,0.0,17.0,27.4,48.4,45.7,0.5,False
2021,10,British Grand Prix,Silverstone,S,2021-07-18,14,ALO,alonso,Alpine,alpine,Fernando,Alonso,https://www.formula1.com/content/dam/fom-website/drivers/F/FERALO01_Fernando_Alonso/feralo01.png.transform/1col/image.png,7.0,7,11.0,,,,0 days 00:00:43.527000,Finished,0.0,17.0,27.4,48.4,45.7,0.5,False
2021,10,British Grand Prix,Silverstone,S,2021-07-18,5,VET,vettel,Aston Martin,aston_martin,Sebastian,Vettel,https://www.formula1.com/content/dam/fom-website/drivers/S/SEBVET01_Sebastian_Vettel/sebvet01.png.transform/1col/image.png,8.0,8,10.0,,,,0 days 00:00:44.439000,Finished,0.0,17.0,27.4,48.4,45.7,0.5,False
2021,10,British Grand Prix,Silverstone,S,2021-07-18,63,RUS,russell,Williams,williams,George,Russell,https://www.formula1.com/content/dam/fom-website/drivers/G/GEORUS01_George_Russell/georus01.png.transform/1col/image.png,9.0,9,8.0,,,,0 days 00:00:46.652000,Finished,0.0,17.0,27.4,48.4,45.7,0.5,False
2021,10,British Grand Prix,Silverstone,S,2021-07-18,31,OCO,ocon,Alpine,alpine,Esteban,Ocon,https://www.formula1.com/content/dam/fom-website/drivers/E/ESTOCO01_Esteban_Ocon/estoco01.png.transform/1col/image.png,10.0,10,13.0,,,,0 days 00:00:47.395000,Finished,0.0,17.0,27.4,48.4,45.7,0.5,False
2021,10,British Grand Prix,Silverstone,S,2021-07-18,55,SAI,sainz,Ferrari,ferrari,Carlos,Sainz,https://www.formula1.com/content/dam/fom-website/drivers/C/CARSAI01_Carlos_Sainz/carsai01.png.transform/1col/image.png,11.0,11,9.0,,,,0 days 00:00:47.798000,Finished,0.0,17.0,27.4,48.4,45.7,0.5,False
2021,10,British Grand Prix,Silverstone,S,2021-07-18,10,GAS,gasly,AlphaTauri,alphatauri,Pierre,Gasly,https://www.formula1.com/content/dam/fom-website/drivers/P/PIEGAS01_Pierre_Gasly/piegas01.png.transform/1col/image.png,12.0,12,12.0,,,,0 days 00:00:48.763000,Finished,0.0,17.0,27.4,48.4,45.7,0.5,False
2021,10,British Grand Prix,Silverstone,S,2021-07-18,7,RAI,raikkonen,Alfa Romeo Racing,alfa,Kimi,Räikkönen,https://www.formula1.com/content/dam/fom-website/drivers/K/KIMRAI01_Kimi_R%C3%A4ikk%C3%B6nen/kimrai01.png.transform/1col/image.png,13.0,13,17.0,,,,0 days 00:00:50.677000,Finished,0.0,17.0,27.4,48.4,45.7,0.5,False
2021,10,British Grand Prix,Silverstone,S,2021-07-18,18,STR,stroll,Aston Martin,aston_martin,Lance,Stroll,https://www.formula1.com/content/dam/fom-website/drivers/L/LANSTR01_Lance_Stroll/lanstr01.png.transform/1col/image.png,14.0,14,15.0,,,,0 days 00:00:52.179000,Finished,0.0,17.0,27.4,48.4,45.7,0.5,False
2021,10,British Grand Prix,Silverstone,S,2021-07-18,99,GIO,giovinazzi,Alfa Romeo Racing,alfa,Antonio,Giovinazzi,https://www.formula1.com/content/dam/fom-website/drivers/A/ANTGIO01_Antonio_Giovinazzi/antgio01.png.transform/1col/image.png,15.0,15,14.0,,,,0 days 00:00:53.225000,Finished,0.0,17.0,27.4,48.4,45.7,0.5,False
2021,10,British Grand Prix,Silverstone,S,2021-07-18,22,TSU,tsunoda,AlphaTauri,alphatauri,Yuki,Tsunoda,https://www.formula1.com/content/dam/fom-website/drivers/Y/YUKTSU01_Yuki_Tsunoda/yuktsu01.png.transform/1col/image.png,16.0,16,16.0,,,,0 days 00:00:53.567000,Finished,0.0,17.0,27.4,48.4,45.7,0.5,False
2021,10,British Grand Prix,Silverstone,S,2021-07-18,6,LAT,latifi,Williams,williams,Nicholas,Latifi,https://www.formula1.com/content/dam/fom-website/drivers/N/NICLAF01_Nicholas_Latifi/niclaf01.png.transform/1col/image.png,17.0,17,18.0,,,,0 days 00:00:55.162000,Finished,0.0,17.0,27.4,48.4,45.7,0.5,False
2021,10,British Grand Prix,Silverstone,S,2021-07-18,47,MSC,mick_schumacher,Haas F1 Team,haas,Mick,Schumacher,https://www.formula1.com/content/dam/fom-website/drivers/M/MICSCH02_Mick_Schumacher/micsch02.png.transform/1col/image.png,18.0,18,19.0,,,,0 days 00:01:08.213000,Finished,0.0,17.0,27.4,48.4,45.7,0.5,False
2021,10,British Grand Prix,Silverstone,S,2021-07-18,9,MAZ,mazepin,Haas F1 Team,haas,Nikita,Mazepin,https://www.formula1.com/content/dam/fom-website/drivers/N/NIKMAZ01_Nikita_Mazepin/nikmaz01.png.transform/1col/image.png,19.0,19,20.0,,,,0 days 00:01:17.648000,Finished,0.0,17.0,27.4,48.4,45.7,0.5,False
2021,10,British Grand Prix,Silverstone,S,2021-07-18,11,PER,perez,Red Bull Racing,red_bull,Sergio,Perez,https://www.formula1.com/content/dam/fom-website/drivers/S/SERPER01_Sergio_Perez/serper01.png.transform/1col/image.png,20.0,R,5.0,,,,,Vibrations,0.0,16.0,27.4,48.4,45.7,0.5,False
2021,14,Italian Grand Prix,Monza,S,2021-09-12,77,BOT,bottas,Mercedes,mercedes,Valtteri,Bottas,https://www.formula1.com/content/dam/fom-website/drivers/V/VALBOT01_Valtteri_Bottas/valbot01.png.transform/1col/image.png,1.0,1,1.0,,,,0 days 00:27:54.078000,Finished,3.0,18.0,28.2,42.7,36.9,0.4,False
2021,14,Italian Grand Prix,Monza,S,2021-09-12,33,VER,max_verstappen,Red Bull Racing,red_bull,Max,Verstappen,https://www.formula1.com/content/dam/fom-website/drivers/M/MAXVER01_Max_Verstappen/maxver01.png.transform/1col/image.png,2.0,2,3.0,,,,0 days 00:00:02.325000,Finished,2.0,18.0,28.2,42.7,36.9,0.4,False
2021,14,Italian Grand Prix,Monza,S,2021-09-12,3,RIC,ricciardo,McLaren,mclaren,Daniel,Ricciardo,https://www.formula1.com/content/dam/fom-website/drivers/D/DANRIC01_Daniel_Ricciardo/danric01.png.transform/1col/image.png,3.0,3,5.0,,,,0 days 00:00:14.534000,Finished,1.0,18.0,28.2,42.7,36.9,0.4,False
2021,14,Italian Grand Prix,Monza,S,2021-09-12,4,NOR,norris,McLaren,mclaren,Lando,Norris,https://www.formula1.com/content/dam/fom-website/drivers/L/LANNOR01_Lando_Norris/lannor01.png.transform/1col/image.png,4.0,4,4.0,,,,0 days 00:00:18.835000,Finished,0.0,18.0,28.2,42.7,36.9,0.4,False
2021,14,Italian Grand Prix,Monza,S,2021-09-12,44,HAM,hamilton,Mercedes,mercedes,Lewis,Hamilton,https://www.formula1.com/content/dam/fom-website/drivers/L/LEWHAM01_Lewis_Hamilton/lewham01.png.transform/1col/image.png,5.0,5,2.0,,,,0 days 00:00:20.011000,Finished,0.0,18.0,28.2,42.7,36.9,0.4,False
2021,14,Italian Grand Prix,Monza,S,2021-09-12,16,LEC,leclerc,Ferrari,ferrari,Charles,Leclerc,https://www.formula1.com/content/dam/fom-website/drivers/C/CHALEC01_Charles_Leclerc/chalec01.png.transform/1col/image.png,6.0,6,8.0,,,,0 days 00:00:23.442000,Finished,0.0,18.0,28.2,42.7,36.9,0.4,False
2021,14,Italian Grand Prix,Monza,S,2021-09-12,55,SAI,sainz,Ferrari,ferrari,Carlos,Sainz,https://www.formula1.com/content/dam/fom-website/drivers/C/CARSAI01_Carlos_Sainz/carsai01.png.transform/1col/image.png,7.0,7,7.0,,,,0 days 00:00:27.952000,Finished,0.0,18.0,28.2,42.7,36.9,0.4,False
2021,14,Italian Grand Prix,Monza,S,2021-09-12,99,GIO,giovinazzi,Alfa Romeo Racing,alfa,Antonio,Giovinazzi,https://www.formula1.com/content/dam/fom-website/drivers/A/ANTGIO01_Antonio_Giovinazzi/antgio01.png.transform/1col/image.png,8.0,8,10.0,,,,0 days 00:00:31.089000,Finished,0.0,18.0,28.2,42.7,36.9,0.4,False
2021,14,Italian Grand Prix,Monza,S,2021-09-12,11,PER,perez,Red Bull Racing,red_bull,Sergio,Perez,https://www.formula1.com/content/dam/fom-website/drivers/S/SERPER01_Sergio_Perez/serper01.png.transform/1col/image.png,9.0,9,9.0,,,,0 days 00:00:31.680000,Finished,0.0,18.0,28.2,42.7,36.9,0.4,False
2021,14,Italian Grand Prix,Monza,S,2021-09-12,18,STR,stroll,Aston Martin,aston_martin,Lance,Stroll,https://www.formula1.com/content/dam/fom-website/drivers/L/LANSTR01_Lance_Stroll/lanstr01.png.transform/1col/image.png,10.0,10,12.0,,,,0 days 00:00:38.671000,Finished,0.0,18.0,28.2,42.7,36.9,0.4,False
2021,14,Italian Grand Prix,Monza,S,2021-09-12,14,ALO,alonso,Alpine,alpine,Fernando,Alonso,https://www.formula1.com/content/dam/fom-website/drivers/F/FERALO01_Fernando_Alonso/feralo01.png.transform/1col/image.png,11.0,11,13.0,,,,0 days 00:00:39.795000,Finished,0.0,18.0,28.2,42.7,36.9,0.4,False
2021,14,Italian Grand Prix,Monza,S,2021-09-12,5,VET,vettel,Aston Martin,aston_martin,Sebastian,Vettel,https://www.formula1.com/content/dam/fom-website/drivers/S/SEBVET01_Sebastian_Vettel/sebvet01.png.transform/1col/image.png,12.0,12,11.0,,,,0 days 00:00:41.177000,Finished,0.0,18.0,28.2,42.7,36.9,0.4,False
2021,14,Italian Grand Prix,Monza,S,2021-09-12,31,OCO,ocon,Alpine,alpine,Esteban,Ocon,https://www.formula1.com/content/dam/fom-website/drivers/E/ESTOCO01_Esteban_Ocon/estoco01.png.transform/1col/image.png,13.0,13,14.0,,,,0 days 00:00:43.373000,Finished,0.0,18.0,28.2,42.7,36.9,0.4,False
2021,14,Italian Grand Prix,Monza,S,2021-09-12,6,LAT,latifi,Williams,williams,Nicholas,Latifi,https://www.formula1.com/content/dam/fom-website/drivers/N/NICLAF01_Nicholas_Latifi/niclaf01.png.transform/1col/image.png,14.0,14,16.0,,,,0 days 00:00:45.977000,Finished,0.0,18.0,28.2,42.7,36.9,0.4,False
2021,14,Italian Grand Prix,Monza,S,2021-09-12,63,RUS,russell,Williams,williams,George,Russell,https://www.formula1.com/content/dam/fom-website/drivers/G/GEORUS01_George_Russell/georus01.png.transform/1col/image.png,15.0,15,15.0,,,,0 days 00:00:46.821000,Finished,0.0,18.0,28.2,42.7,36.9,0.4,False
2021,14,Italian Grand Prix,Monza,S,2021-09-12,22,TSU,tsunoda,AlphaTauri,alphatauri,Yuki,Tsunoda,https://www.formula1.com/content/dam/fom-website/drivers/Y/YUKTSU01_Yuki_Tsunoda/yuktsu01.png.transform/1col/image.png,16.0,16,17.0,,,,0 days 00:00:49.977000,Finished,0.0,18.0,28.2,42.7,36.9,0.4,False
2021,14,Italian Grand Prix,Monza,S,2021-09-12,9,MAZ,mazepin,Haas F1 Team,haas,Nikita,Mazepin,https://www.formula1.com/content/dam/fom-website/drivers/N/NIKMAZ01_Nikita_Mazepin/nikmaz01.png.transform/1col/image.png,17.0,17,20.0,,,,0 days 00:01:02.599000,Finished,0.0,18.0,28.2,42.7,36.9,0.4,False
2021,14,Italian Grand Prix,Monza,S,2021-09-12,88,KUB,kubica,Alfa Romeo Racing,alfa,Robert,Kubica,,18.0,18,19.0,,,,0 days 00:01:05.096000,Finished,0.0,18.0,28.2,42.7,36.9,0.4,False
2021,14,Italian Grand Prix,Monza,S,2021-09-12,47,MSC,mick_schumacher,Haas F1 Team,haas,Mick,Schumacher,https://www.formula1.com/content/dam/fom-website/drivers/M/MICSCH02_Mick_Schumacher/micsch02.png.transform/1col/image.png,19.0,19,18.0,,,,0 days 00:01:06.154000,Finished,0.0,18.0,28.2,42.7,36.9,0.4,False
2021,14,Italian Grand Prix,Monza,S,2021-09-12,10,GAS,gasly,AlphaTauri,alphatauri,Pierre,Gasly,https://www.formula1.com/content/dam/fom-website/drivers/P/PIEGAS01_Pierre_Gasly/piegas01.png.transform/1col/image.png,20.0,R,6.0,,,,,Accident,0.0,0.0,28.2,42.7,36.9,0.4,False
2021,19,São Paulo Grand Prix,São Paulo,S,2021-11-14,77,BOT,bottas,Mercedes,mercedes,Valtteri,Bottas,https://www.formula1.com/content/dam/fom-website/drivers/V/VALBOT01_Valtteri_Bottas/valbot01.png.transform/1col/image.png,1.0,1,2.0,,,,0 days 00:29:09.559000,Finished,3.0,24.0,17.0,35.7,68.0,0.5,False
2021,19,São Paulo Grand Prix,São Paulo,S,2021-11-14,33,VER,max_verstappen,Red Bull Racing,red_bull,Max,Verstappen,https://www.formula1.com/content/dam/fom-website/drivers/M/MAXVER01_Max_Verstappen/maxver01.png.transform/1col/image.png,2.0,2,1.0,,,,0 days 00:00:01.170000,Finished,2.0,24.0,17.0,35.7,68.0,0.5,False
2021,19,São Paulo Grand Prix,São Paulo,S,2021-11-14,55,SAI,sainz,Ferrari,ferrari,Carlos,Sainz,https://www.formula1.com/content/dam/fom-website/drivers/C/CARSAI01_Carlos_Sainz/carsai01.png.transform/1col/image.png,3.0,3,5.0,,,,0 days 00:00:18.723000,Finished,1.0,24.0,17.0,35.7,68.0,0.5,False
2021,19,São Paulo Grand Prix,São Paulo,S,2021-11-14,11,PER,perez,Red Bull Racing,red_bull,Sergio,Perez,https://www.formula1.com/content/dam/fom-website/drivers/S/SERPER01_Sergio_Perez/serper01.png.transform/1col/image.png,4.0,4,3.0,,,,0 days 00:00:19.787000,Finished,0.0,24.0,17.0,35.7,68.0,0.5,False
2021,19,São Paulo Grand Prix,São Paulo,S,2021-11-14,44,HAM,hamilton,Mercedes,mercedes,Lewis,Hamilton,https://www.formula1.com/content/dam/fom-website/drivers/L/LEWHAM01_Lewis_Hamilton/lewham01.png.transform/1col/image.png,5.0,5,20.0,,,,0 days 00:00:20.872000,Finished,0.0,24.0,17.0,35.7,68.0,0.5,False
2021,19,São Paulo Grand Prix,São Paulo,S,2021-11-14,4,NOR,norris,McLaren,mclaren,Lando,Norris,https://www.formula1.com/content/dam/fom-website/drivers/L/LANNOR01_Lando_Norris/lannor01.png.transform/1col/image.png,6.0,6,7.0,,,,0 days 00:00:22.558000,Finished,0.0,24.0,17.0,35.7,68.0,0.5,False
2021,19,São Paulo Grand Prix,São Paulo,S,2021-11-14,16,LEC,leclerc,Ferrari,ferrari,Charles,Leclerc,https://www.formula1.com/content/dam/fom-website/drivers/C/CHALEC01_Charles_Leclerc/chalec01.png.transform/1col/image.png,7.0,7,6.0,,,,0 days 00:00:25.056000,Finished,0.0,24.0,17.0,35.7,68.0,0.5,False
2021,19,São Paulo Grand Prix,São Paulo,S,2021-11-14,10,GAS,gasly,AlphaTauri,alphatauri,Pierre,Gasly,https://www.formula1.com/content/dam/fom-website/drivers/P/PIEGAS01_Pierre_Gasly/piegas01.png.transform/1col/image.png,8.0,8,4.0,,,,0 days 00:00:34.158000,Finished,0.0,24.0,17.0,35.7,68.0,0.5,False
2021,19,São Paulo Grand Prix,São Paulo,S,2021-11-14,31,OCO,ocon,Alpine,alpine,Esteban,Ocon,https://www.formula1.com/content/dam/fom-website/drivers/E/ESTOCO01_Esteban_Ocon/estoco01.png.transform/1col/image.png,9.0,9,10.0,,,,0 days 00:00:34.632000,Finished,0.0,24.0,17.0,35.7,68.0,0.5,False
2021,19,São Paulo Grand Prix,São Paulo,S,2021-11-14,5,VET,vettel,Aston Martin,aston_martin,Sebastian,Vettel,https://www.formula1.com/content/dam/fom-website/drivers/S/SEBVET01_Sebastian_Vettel/sebvet01.png.transform/1col/image.png,10.0,10,11.0,,,,0 days 00:00:34.867000,Finished,0.0,24.0,17.0,35.7,68.0,0.5,False
2021,19,São Paulo Grand Prix,São Paulo,S,2021-11-14,3,RIC,ricciardo,McLaren,mclaren,Daniel,Ricciardo,https://www.formula1.com/content/dam/fom-website/drivers/D/DANRIC01_Daniel_Ricciardo/danric01.png.transform/1col/image.png,11.0,11,8.0,,,,0 days 00:00:35.869000,Finished,0.0,24.0,17.0,35.7,68.0,0.5,False
2021,19,São Paulo Grand Prix,São Paulo,S,2021-11-14,14,ALO,alonso,Alpine,alpine,Fernando,Alonso,https://www.formula1.com/content/dam/fom-website/drivers/F/FERALO01_Fernando_Alonso/feralo01.png.transform/1col/image.png,12.0,12,9.0,,,,0 days 00:00:36.578000,Finished,0.0,24.0,17.0,35.7,68.0,0.5,False
2021,19,São Paulo Grand Prix,São Paulo,S,2021-11-14,99,GIO,giovinazzi,Alfa Romeo Racing,alfa,Antonio,Giovinazzi,https://www.formula1.com/content/dam/fom-website/drivers/A/ANTGIO01_Antonio_Giovinazzi/antgio01.png.transform/1col/image.png,13.0,13,14.0,,,,0 days 00:00:41.880000,Finished,0.0,24.0,17.0,35.7,68.0,0.5,False
2021,19,São Paulo Grand Prix,São Paulo,S,2021-11-14,18,STR,stroll,Aston Martin,aston_martin,Lance,Stroll,https://www.formula1.com/content/dam/fom-website/drivers/L/LANSTR01_Lance_Stroll/lanstr01.png.transform/1col/image.png,14.0,14,15.0,,,,0 days 00:00:44.037000,Finished,0.0,24.0,17.0,35.7,68.0,0.5,False
2021,19,São Paulo Grand Prix,São Paulo,S,2021-11-14,22,TSU,tsunoda,AlphaTauri,alphatauri,Yuki,Tsunoda,https://www.formula1.com/content/dam/fom-website/drivers/Y/YUKTSU01_Yuki_Tsunoda/yuktsu01.png.transform/1col/image.png,15.0,15,12.0,,,,0 days 00:00:46.150000,Finished,0.0,24.0,17.0,35.7,68.0,0.5,False
2021,19,São Paulo Grand Prix,São Paulo,S,2021-11-14,6,LAT,latifi,Williams,williams,Nicholas,Latifi,https://www.formula1.com/content/dam/fom-website/drivers/N/NICLAF01_Nicholas_Latifi/niclaf01.png.transform/1col/image.png,16.0,16,16.0,,,,0 days 00:00:46.760000,Finished,0.0,24.0,17.0,35.7,68.0,0.5,False
2021,19,São Paulo Grand Prix,São Paulo,S,2021-11-14,63,RUS,russell,Williams,williams,George,Russell,https://www.formula1.com/content/dam/fom-website/drivers/G/GEORUS01_George_Russell/georus01.png.transform/1col/image.png,17.0,17,17.0,,,,0 days 00:00:47.739000,Finished,0.0,24.0,17.0,35.7,68.0,0.5,False
2021,19,São Paulo Grand Prix,São Paulo,S,2021-11-14,7,RAI,raikkonen,Alfa Romeo Racing,alfa,Kimi,Räikkönen,https://www.formula1.com/content/dam/fom-website/drivers/K/KIMRAI01_Kimi_R%C3%A4ikk%C3%B6nen/kimrai01.png.transform/1col/image.png,18.0,18,13.0,,,,0 days 00:00:50.014000,Finished,0.0,24.0,17.0,35.7,68.0,0.5,False
2021,19,São Paulo Grand Prix,São Paulo,S,2021-11-14,47,MSC,mick_schumacher,Haas F1 Team,haas,Mick,Schumacher,https://www.formula1.com/content/dam/fom-website/drivers/M/MICSCH02_Mick_Schumacher/micsch02.png.transform/1col/image.png,19.0,19,18.0,,,,0 days 00:01:01.680000,Finished,0.0,24.0,17.0,35.7,68.0,0.5,False
2021,19,São Paulo Grand Prix,São Paulo,S,2021-11-14,9,MAZ,mazepin,Haas F1 Team,haas,Nikita,Mazepin,https://www.formula1.com/content/dam/fom-website/drivers/N/NIKMAZ01_Nikita_Mazepin/nikmaz01.png.transform/1col/image.png,20.0,20,19.0,,,,0 days 00:01:07.474000,Finished,0.0,24.0,17.0,35.7,68.0,0.5,False
2022,4,Emilia Romagna Grand Prix,Imola,S,2022-04-24,1,VER,max_verstappen,Red Bull Racing,red_bull,Max,Verstappen,https://www.formula1.com/content/dam/fom-website/drivers/M/MAXVER01_Max_Verstappen/maxver01.png.transform/1col/image.png,1.0,1,1.0,,,,0 days 00:30:39.567000,Finished,8.0,21.0,20.4,29.1,49.5,1.5,False
2022,4,Emilia Romagna Grand Prix,Imola,S,2022-04-24,16,LEC,leclerc,Ferrari,ferrari,Charles,Leclerc,https://www.formula1.com/content/dam/fom-website/drivers/C/CHALEC01_Charles_Leclerc/chalec01.png.transform/1col/image.png,2.0,2,2.0,,,,0 days 00:00:02.975000,Finished,7.0,21.0,20.4,29.1,49.5,1.5,False
2022,4,Emilia Romagna Grand Prix,Imola,S,2022-04-24,11,PER,perez,Red Bull Racing,red_bull,Sergio,Perez,https://www.formula1.com/content/dam/fom-website/drivers/S/SERPER01_Sergio_Perez/serper01.png.transform/1col/image.png,3.0,3,7.0,,,,0 days 00:00:04.721000,Finished,6.0,21.0,20.4,29.1,49.5,1.5,False
2022,4,Emilia Romagna Grand Prix,Imola,S,2022-04-24,55,SAI,sainz,Ferrari,ferrari,Carlos,Sainz,https://www.formula1.com/content/dam/fom-website/drivers/C/CARSAI01_Carlos_Sainz/carsai01.png.transform/1col/image.png,4.0,4,10.0,,,,0 days 00:00:17.578000,Finished,5.0,21.0,20.4,29.1,49.5,1.5,False
2022,4,Emilia Romagna Grand Prix,Imola,S,2022-04-24,4,NOR,norris,McLaren,mclaren,Lando,Norris,https://www.formula1.com/content/dam/fom-website/drivers/L/LANNOR01_Lando_Norris/lannor01.png.transform/1col/image.png,5.0,5,3.0,,,,0 days 00:00:24.561000,Finished,4.0,21.0,20.4,29.1,49.5,1.5,False
2022,4,Emilia Romagna Grand Prix,Imola,S,2022-04-24,3,RIC,ricciardo,McLaren,mclaren,Daniel,Ricciardo,https://www.formula1.com/content/dam/fom-website/drivers/D/DANRIC01_Daniel_Ricciardo/danric01.png.transform/1col/image.png,6.0,6,6.0,,,,0 days 00:00:27.740000,Finished,3.0,21.0,20.4,29.1,49.5,1.5,False
2022,4,Emilia Romagna Grand Prix,Imola,S,2022-04-24,77,BOT,bottas,Alfa Romeo,alfa,Valtteri,Bottas,https://www.formula1.com/content/dam/fom-website/drivers/V/VALBOT01_Valtteri_Bottas/valbot01.png.transform/1col/image.png,7.0,7,8.0,,,,0 days 00:00:28.133000,Finished,2.0,21.0,20.4,29.1,49.5,1.5,False
2022,4,Emilia Romagna Grand Prix,Imola,S,2022-04-24,20,MAG,kevin_magnussen,Haas F1 Team,haas,Kevin,Magnussen,,8.0,8,4.0,,,,0 days 00:00:30.712000,Finished,1.0,21.0,20.4,29.1,49.5,1.5,False
2022,4,Emilia Romagna Grand Prix,Imola,S,2022-04-24,14,ALO,alonso,Alpine,alpine,Fernando,Alonso,https://www.formula1.com/content/dam/fom-website/drivers/F/FERALO01_Fernando_Alonso/feralo01.png.transform/1col/image.png,9.0,9,5.0,,,,0 days 00:00:32.278000,Finished,0.0,21.0,20.4,29.1,49.5,1.5,False
2022,4,Emilia Romagna Grand Prix,Imola,S,2022-04-24,47,MSC,mick_schumacher,Haas F1 Team,haas,Mick,Schumacher,https://www.formula1.com/content/dam/fom-website/drivers/M/MICSCH02_Mick_Schumacher/micsch02.png.transform/1col/image.png,10.0,10,12.0,,,,0 days 00:00:33.773000,Finished,0.0,21.0,20.4,29.1,49.5,1.5,False
2022,4,Emilia Romagna Grand Prix,Imola,S,2022-04-24,63,RUS,russell,Mercedes,mercedes,George,Russell,https://www.formula1.com/content/dam/fom-website/drivers/G/GEORUS01_George_Russell/georus01.png.transform/1col/image.png,11.0,11,11.0,,,,0 days 00:00:36.284000,Finished,0.0,21.0,20.4,29.1,49.5,1.5,False
2022,4,Emilia Romagna Grand Prix,Imola,S,2022-04-24,22,TSU,tsunoda,AlphaTauri,alphatauri,Yuki,Tsunoda,https://www.formula1.com/content/dam/fom-website/drivers/Y/YUKTSU01_Yuki_Tsunoda/yuktsu01.png.transform/1col/image.png,12.0,12,16.0,,,,0 days 00:00:38.298000,Finished,0.0,21.0,20.4,29.1,49.5,1.5,False
2022,4,Emilia Romagna Grand Prix,Imola,S,2022-04-24,5,VET,vettel,Aston Martin,aston_martin,Sebastian,Vettel,https://www.formula1.com/content/dam/fom-website/drivers/S/SEBVET01_Sebastian_Vettel/sebvet01.png.transform/1col/image.png,13.0,13,9.0,,,,0 days 00:00:40.177000,Finished,0.0,21.0,20.4,29.1,49.5,1.5,False
2022,4,Emilia Romagna Grand Prix,Imola,S,2022-04-24,44,HAM,hamilton,Mercedes,mercedes,Lewis,Hamilton,https://www.formula1.com/content/dam/fom-website/drivers/L/LEWHAM01_Lewis_Hamilton/lewham01.png.transform/1col/image.png,14.0,14,13.0,,,,0 days 00:00:41.459000,Finished,0.0,21.0,20.4,29.1,49.5,1.5,False
2022,4,Emilia Romagna Grand Prix,Imola,S,2022-04-24,18,STR,stroll,Aston Martin,aston_martin,Lance,Stroll,https://www.formula1.com/content/dam/fom-website/drivers/L/LANSTR01_Lance_Stroll/lanstr01.png.transform/1col/image.png,15.0,15,15.0,,,,0 days 00:00:42.910000,Finished,0.0,21.0,20.4,29.1,49.5,1.5,False
2022,4,Emilia Romagna Grand Prix,Imola,S,2022-04-24,31,OCO,ocon,Alpine,alpine,Esteban,Ocon,https://www.formula1.com/content/dam/fom-website/drivers/E/ESTOCO01_Esteban_Ocon/estoco01.png.transform/1col/image.png,16.0,16,19.0,,,,0 days 00:00:43.517000,Finished,0.0,21.0,20.4,29.1,49.5,1.5,False
2022,4,Emilia Romagna Grand Prix,Imola,S,2022-04-24,10,GAS,gasly,AlphaTauri,alphatauri,Pierre,Gasly,https://www.formula1.com/content/dam/fom-website/drivers/P/PIEGAS01_Pierre_Gasly/piegas01.png.transform/1col/image.png,17.0,17,17.0,,,,0 days 00:00:43.794000,Finished,0.0,21.0,20.4,29.1,49.5,1.5,False
2022,4,Emilia Romagna Grand Prix,Imola,S,2022-04-24,23,ALB,albon,Williams,williams,Alexander,Albon,https://www.formula1.com/content/dam/fom-website/drivers/A/ALEALB01_Alexander_Albon/alealb01.png.transform/1col/image.png,18.0,18,20.0,,,,0 days 00:00:48.871000,Finished,0.0,21.0,20.4,29.1,49.5,1.5,False
2022,4,Emilia Romagna Grand Prix,Imola,S,2022-04-24,6,LAT,latifi,Williams,williams,Nicholas,Latifi,https://www.formula1.com/content/dam/fom-website/drivers/N/NICLAF01_Nicholas_Latifi/niclaf01.png.transform/1col/image.png,19.0,19,18.0,,,,0 days 00:00:52.017000,Finished,0.0,21.0,20.4,29.1,49.5,1.5,False
2022,4,Emilia Romagna Grand Prix,Imola,S,2022-04-24,24,ZHO,zhou,Alfa Romeo,alfa,Guanyu,Zhou,https://www.formula1.com/content/dam/fom-website/drivers/G/GUAZHO01_Guanyu_Zhou/guazho01.png.transform/1col/image.png,20.0,R,0.0,,,,,Retired,0.0,0.0,20.4,29.1,49.5,1.5,False
2022,11,Austrian Grand Prix,Spielberg,S,2022-07-10,1,VER,max_verstappen,Red Bull Racing,red_bull,Max,Verstappen,https://www.formula1.com/content/dam/fom-website/drivers/M/MAXVER01_Max_Verstappen/maxver01.png.transform/1col/image.png,1.0,1,1.0,,,,0 days 00:26:30.059000,Finished,8.0,23.0,21.0,34.9,33.3,1.5,False
2022,11,Austrian Grand Prix,Spielberg,S,2022-07-10,16,LEC,leclerc,Ferrari,ferrari,Charles,Leclerc,https://www.formula1.com/content/dam/fom-website/drivers/C/CHALEC01_Charles_Leclerc/chalec01.png.transform/1col/image.png,2.0,2,2.0,,,,0 days 00:00:01.675000,Finished,7.0,23.0,21.0,34.9,33.3,1.5,False
2022,11,Austrian Grand Prix,Spielberg,S,2022-07-10,55,SAI,sainz,Ferrari,ferrari,Carlos,Sainz,https://www.formula1.com/content/dam/fom-website/drivers/C/CARSAI01_Carlos_Sainz/carsai01.png.transform/1col/image.png,3.0,3,3.0,,,,0 days 00:00:05.644000,Finished,6.0,23.0,21.0,34.9,33.3,1.5,False
2022,11,Austrian Grand Prix,Spielberg,S,2022-07-10,63,RUS,russell,Mercedes,mercedes,George,Russell,https://www.formula1.com/content/dam/fom-website/drivers/G/GEORUS01_George_Russell/georus01.png.transform/1col/image.png,4.0,4,4.0,,,,0 days 00:00:13.429000,Finished,5.0,23.0,21.0,34.9,33.3,1.5,False
2022,11,Austrian Grand Prix,Spielberg,S,2022-07-10,11,PER,perez,Red Bull Racing,red_bull,Sergio,Perez,https://www.formula1.com/content/dam/fom-website/drivers/S/SERPER01_Sergio_Perez/serper01.png.transform/1col/image.png,5.0,5,13.0,,,,0 days 00:00:18.302000,Finished,4.0,23.0,21.0,34.9,33.3,1.5,False
2022,11,Austrian Grand Prix,Spielberg,S,2022-07-10,31,OCO,ocon,Alpine,alpine,Esteban,Ocon,https://www.formula1.com/content/dam/fom-website/drivers/E/ESTOCO01_Esteban_Ocon/estoco01.png.transform/1col/image.png,6.0,6,5.0,,,,0 days 00:00:31.032000,Finished,3.0,23.0,21.0,34.9,33.3,1.5,False
2022,11,Austrian Grand Prix,Spielberg,S,2022-07-10,20,MAG,kevin_magnussen,Haas F1 Team,haas,Kevin,Magnussen,,7.0,7,6.0,,,,0 days 00:00:34.539000,Finished,2.0,23.0,21.0,34.9,33.3,1.5,False
2022,11,Austrian Grand Prix,Spielberg,S,2022-07-10,44,HAM,hamilton,Mercedes,mercedes,Lewis,Hamilton,https://www.formula1.com/content/dam/fom-website/drivers/L/LEWHAM01_Lewis_Hamilton/lewham01.png.transform/1col/image.png,8.0,8,9.0,,,,0 days 00:00:35.447000,Finished,1.0,23.0,21.0,34.9,33.3,1.5,False
2022,11,Austrian Grand Prix,Spielberg,S,2022-07-10,47,MSC,mick_schumacher,Haas F1 Team,haas,Mick,Schumacher,https://www.formula1.com/content/dam/fom-website/drivers/M/MICSCH02_Mick_Schumacher/micsch02.png.transform/1col/image.png,9.0,9,7.0,,,,0 days 00:00:37.163000,Finished,0.0,23.0,21.0,34.9,33.3,1.5,False
2022,11,Austrian Grand Prix,Spielberg,S,2022-07-10,77,BOT,bottas,Alfa Romeo,alfa,Valtteri,Bottas,https://www.formula1.com/content/dam/fom-website/drivers/V/VALBOT01_Valtteri_Bottas/valbot01.png.transform/1col/image.png,10.0,10,12.0,,,,0 days 00:00:37.557000,Finished,0.0,23.0,21.0,34.9,33.3,1.5,False
2022,11,Austrian Grand Prix,Spielberg,S,2022-07-10,4,NOR,norris,McLaren,mclaren,Lando,Norris,https://www.formula1.com/content/dam/fom-website/drivers/L/LANNOR01_Lando_Norris/lannor01.png.transform/1col/image.png,11.0,11,15.0,,,,0 days 00:00:38.580000,Finished,0.0,23.0,21.0,34.9,33.3,1.5,False
2022,11,Austrian Grand Prix,Spielberg,S,2022-07-10,3,RIC,ricciardo,McLaren,mclaren,Daniel,Ricciardo,https://www.formula1.com/content/dam/fom-website/drivers/D/DANRIC01_Daniel_Ricciardo/danric01.png.transform/1col/image.png,12.0,12,16.0,,,,0 days 00:00:39.738000,Finished,0.0,23.0,21.0,34.9,33.3,1.5,False
2022,11,Austrian Grand Prix,Spielberg,S,2022-07-10,18,STR,stroll,Aston Martin,aston_martin,Lance,Stroll,https://www.formula1.com/content/dam/fom-website/drivers/L/LANSTR01_Lance_Stroll/lanstr01.png.transform/1col/image.png,13.0,13,17.0,,,,0 days 00:00:48.241000,Finished,0.0,23.0,21.0,34.9,33.3,1.5,False
2022,11,Austrian Grand Prix,Spielberg,S,2022-07-10,24,ZHO,zhou,Alfa Romeo,alfa,Guanyu,Zhou,https://www.formula1.com/content/dam/fom-website/drivers/G/GUAZHO01_Guanyu_Zhou/guazho01.png.transform/1col/image.png,14.0,14,18.0,,,,0 days 00:00:50.753000,Finished,0.0,23.0,21.0,34.9,33.3,1.5,False
2022,11,Austrian Grand Prix,Spielberg,S,2022-07-10,10,GAS,gasly,AlphaTauri,alphatauri,Pierre,Gasly,https://www.formula1.com/content/dam/fom-website/drivers/P/PIEGAS01_Pierre_Gasly/piegas01.png.transform/1col/image.png,15.0,15,10.0,,,,0 days 00:00:52.125000,Finished,0.0,23.0,21.0,34.9,33.3,1.5,False
2022,11,Austrian Grand Prix,Spielberg,S,2022-07-10,23,ALB,albon,Williams,williams,Alexander,Albon,https://www.formula1.com/content/dam/fom-website/drivers/A/ALEALB01_Alexander_Albon/alealb01.png.transform/1col/image.png,16.0,16,11.0,,,,0 days 00:00:52.412000,Finished,0.0,23.0,21.0,34.9,33.3,1.5,False
2022,11,Austrian Grand Prix,Spielberg,S,2022-07-10,22,TSU,tsunoda,AlphaTauri,alphatauri,Yuki,Tsunoda,https://www.formula1.com/content/dam/fom-website/drivers/Y/YUKTSU01_Yuki_Tsunoda/yuktsu01.png.transform/1col/image.png,17.0,17,14.0,,,,0 days 00:00:54.556000,Finished,0.0,23.0,21.0,34.9,33.3,1.5,False
2022,11,Austrian Grand Prix,Spielberg,S,2022-07-10,6,LAT,latifi,Williams,williams,Nicholas,Latifi,https://www.formula1.com/content/dam/fom-website/drivers/N/NICLAF01_Nicholas_Latifi/niclaf01.png.transform/1col/image.png,18.0,18,19.0,,,,0 days 00:01:08.694000,Finished,0.0,23.0,21.0,34.9,33.3,1.5,False
2022,11,Austrian Grand Prix,Spielberg,S,2022-07-10,5,VET,vettel,Aston Martin,aston_martin,Sebastian,Vettel,https://www.formula1.com/content/dam/fom-website/drivers/S/SEBVET01_Sebastian_Vettel/sebvet01.png.transform/1col/image.png,19.0,19,20.0,,,,,Collision damage,0.0,21.0,21.0,34.9,33.3,1.5,False
2022,11,Austrian Grand Prix,Spielberg,S,2022-07-10,14,ALO,alonso,Alpine,alpine,Fernando,Alonso,https://www.formula1.com/content/dam/fom-website/drivers/F/FERALO01_Fernando_Alonso/feralo01.png.transform/1col/image.png,20.0,R,8.0,,,,,Electrical,0.0,0.0,21.0,34.9,33.3,1.5,False
2022,21,São Paulo Grand Prix,São Paulo,S,2022-11-13,63,RUS,russell,Mercedes,mercedes,George,Russell,https://www.formula1.com/content/dam/fom-website/drivers/G/GEORUS01_George_Russell/georus01.png.transform/1col/image.png,1.0,1,3.0,,,,0 days 00:30:11.307000,Finished,8.0,24.0,22.6,36.3,70.6,1.8,False
2022,21,São Paulo Grand Prix,São Paulo,S,2022-11-13,55,SAI,sainz,Ferrari,ferrari,Carlos,Sainz,https://www.formula1.com/content/dam/fom-website/drivers/C/CARSAI01_Carlos_Sainz/carsai01.png.transform/1col/image.png,2.0,2,5.0,,,,0 days 00:00:03.995000,Finished,7.0,24.0,22.6,36.3,70.6,1.8,False
2022,21,São Paulo Grand Prix,São Paulo,S,2022-11-13,44,HAM,hamilton,Mercedes,mercedes,Lewis,Hamilton,https://www.formula1.com/content/dam/fom-website/drivers/L/LEWHAM01_Lewis_Hamilton/lewham01.png.transform/1col/image.png,3.0,3,8.0,,,,0 days 00:00:04.492000,Finished,6.0,24.0,22.6,36.3,70.6,1.8,False
2022,21,São Paulo Grand Prix,São Paulo,S,2022-11-13,1,VER,max_verstappen,Red Bull Racing,red_bull,Max,Verstappen,https://www.formula1.com/content/dam/fom-website/drivers/M/MAXVER01_Max_Verstappen/maxver01.png.transform/1col/image.png,4.0,4,2.0,,,,0 days 00:00:10.494000,Finished,5.0,24.0,22.6,36.3,70.6,1.8,False
2022,21,São Paulo Grand Prix,São Paulo,S,2022-11-13,11,PER,perez,Red Bull Racing,red_bull,Sergio,Perez,https://www.formula1.com/content/dam/fom-website/drivers/S/SERPER01_Sergio_Perez/serper01.png.transform/1col/image.png,5.0,5,9.0,,,,0 days 00:00:11.855000,Finished,4.0,24.0,22.6,36.3,70.6,1.8,False
2022,21,São Paulo Grand Prix,São Paulo,S,2022-11-13,16,LEC,leclerc,Ferrari,ferrari,Charles,Leclerc,https://www.formula1.com/content/dam/fom-website/drivers/C/CHALEC01_Charles_Leclerc/chalec01.png.transform/1col/image.png,6.0,6,10.0,,,,0 days 00:00:13.133000,Finished,3.0,24.0,22.6,36.3,70.6,1.8,False
2022,21,São Paulo Grand Prix,São Paulo,S,2022-11-13,4,NOR,norris,McLaren,mclaren,Lando,Norris,https://www.formula1.com/content/dam/fom-website/drivers/L/LANNOR01_Lando_Norris/lannor01.png.transform/1col/image.png,7.0,7,4.0,,,,0 days 00:00:25.624000,Finished,2.0,24.0,22.6,36.3,70.6,1.8,False
2022,21,São Paulo Grand Prix,São Paulo,S,2022-11-13,20,MAG,kevin_magnussen,Haas F1 Team,haas,Kevin,Magnussen,,8.0,8,1.0,,,,0 days 00:00:28.768000,Finished,1.0,24.0,22.6,36.3,70.6,1.8,False
2022,21,São Paulo Grand Prix,São Paulo,S,2022-11-13,5,VET,vettel,Aston Martin,aston_martin,Sebastian,Vettel,https://www.formula1.com/content/dam/fom-website/drivers/S/SEBVET01_Sebastian_Vettel/sebvet01.png.transform/1col/image.png,9.0,9,13.0,,,,0 days 00:00:30.218000,Finished,0.0,24.0,22.6,36.3,70.6,1.8,False
2022,21,São Paulo Grand Prix,São Paulo,S,2022-11-13,10,GAS,gasly,AlphaTauri,alphatauri,Pierre,Gasly,https://www.formula1.com/content/dam/fom-website/drivers/P/PIEGAS01_Pierre_Gasly/piegas01.png.transform/1col/image.png,10.0,10,12.0,,,,0 days 00:00:34.170000,Finished,0.0,24.0,22.6,36.3,70.6,1.8,False
2022,21,São Paulo Grand Prix,São Paulo,S,2022-11-13,3,RIC,ricciardo,McLaren,mclaren,Daniel,Ricciardo,https://www.formula1.com/content/dam/fom-website/drivers/D/DANRIC01_Daniel_Ricciardo/danric01.png.transform/1col/image.png,11.0,11,14.0,,,,0 days 00:00:39.395000,Finished,0.0,24.0,22.6,36.3,70.6,1.8,False
2022,21,São Paulo Grand Prix,São Paulo,S,2022-11-13,47,MSC,mick_schumacher,Haas F1 Team,haas,Mick,Schumacher,https://www.formula1.com/content/dam/fom-website/drivers/M/MICSCH02_Mick_Schumacher/micsch02.png.transform/1col/image.png,12.0,12,20.0,,,,0 days 00:00:41.159000,Finished,0.0,24.0,22.6,36.3,70.6,1.8,False
2022,21,São Paulo Grand Prix,São Paulo,S,2022-11-13,24,ZHO,zhou,Alfa Romeo,alfa,Guanyu,Zhou,https://www.formula1.com/content/dam/fom-website/drivers/G/GUAZHO01_Guanyu_Zhou/guazho01.png.transform/1col/image.png,13.0,13,17.0,,,,0 days 00:00:41.763000,Finished,0.0,24.0,22.6,36.3,70.6,1.8,False
2022,21,São Paulo Grand Prix,São Paulo,S,2022-11-13,77,BOT,bottas,Alfa Romeo,alfa,Valtteri,Bottas,https://www.formula1.com/content/dam/fom-website/drivers/V/VALBOT01_Valtteri_Bottas/valbot01.png.transform/1col/image.png,14.0,14,18.0,,,,0 days 00:00:42.338000,Finished,0.0,24.0,22.6,36.3,70.6,1.8,False
2022,21,São Paulo Grand Prix,São Paulo,S,2022-11-13,22,TSU,tsunoda,AlphaTauri,alphatauri,Yuki,Tsunoda,https://www.formula1.com/content/dam/fom-website/drivers/Y/YUKTSU01_Yuki_Tsunoda/yuktsu01.png.transform/1col/image.png,15.0,15,19.0,,,,0 days 00:00:50.306000,Finished,0.0,24.0,22.6,36.3,70.6,1.8,False
2022,21,São Paulo Grand Prix,São Paulo,S,2022-11-13,18,STR,stroll,Aston Martin,aston_martin,Lance,Stroll,https://www.formula1.com/content/dam/fom-website/drivers/L/LANSTR01_Lance_Stroll/lanstr01.png.transform/1col/image.png,16.0,16,15.0,,,,0 days 00:00:50.700000,Finished,0.0,24.0,22.6,36.3,70.6,1.8,False
2022,21,São Paulo Grand Prix,São Paulo,S,2022-11-13,31,OCO,ocon,Alpine,alpine,Esteban,Ocon,https://www.formula1.com/content/dam/fom-website/drivers/E/ESTOCO01_Esteban_Ocon/estoco01.png.transform/1col/image.png,17.0,17,6.0,,,,0 days 00:00:51.756000,Finished,0.0,24.0,22.6,36.3,70.6,1.8,False
2022,21,São Paulo Grand Prix,São Paulo,S,2022-11-13,14,ALO,alonso,Alpine,alpine,Fernando,Alonso,https://www.formula1.com/content/dam/fom-website/drivers/F/FERALO01_Fernando_Alonso/feralo01.png.transform/1col/image.png,18.0,18,7.0,,,,0 days 00:00:53.985000,Finished,0.0,24.0,22.6,36.3,70.6,1.8,False
2022,21,São Paulo Grand Prix,São Paulo,S,2022-11-13,6,LAT,latifi,Williams,williams,Nicholas,Latifi,https://www.formula1.com/content/dam/fom-website/drivers/N/NICLAF01_Nicholas_Latifi/niclaf01.png.transform/1col/image.png,19.0,19,16.0,,,,0 days 00:01:16.850000,Finished,0.0,24.0,22.6,36.3,70.6,1.8,False
2022,21,São Paulo Grand Prix,São Paulo,S,2022-11-13,23,ALB,albon,Williams,williams,Alexander,Albon,https://www.formula1.com/content/dam/fom-website/drivers/A/ALEALB01_Alexander_Albon/alealb01.png.transform/1col/image.png,20.0,R,11.0,,,,,Retired,0.0,12.0,22.6,36.3,70.6,1.8,False
2023,4,Azerbaijan Grand Prix,Baku,S,2023-04-30,11,PER,perez,Red Bull Racing,red_bull,Sergio,Perez,https://www.formula1.com/content/dam/fom-website/drivers/S/SERPER01_Sergio_Perez/serper01.png.transform/1col/image.png,1.0,1,2.0,,,,0 days 00:33:17.667000,Finished,8.0,17.0,22.2,36.8,58.3,0.7,True
2023,4,Azerbaijan Grand Prix,Baku,S,2023-04-30,16,LEC,leclerc,Ferrari,ferrari,Charles,Leclerc,https://www.formula1.com/content/dam/fom-website/drivers/C/CHALEC01_Charles_Leclerc/chalec01.png.transform/1col/image.png,2.0,2,1.0,,,,0 days 00:00:04.463000,Finished,7.0,17.0,22.2,36.8,58.3,0.7,True
2023,4,Azerbaijan Grand Prix,Baku,S,2023-04-30,1,VER,max_verstappen,Red Bull Racing,red_bull,Max,Verstappen,https://www.formula1.com/content/dam/fom-website/drivers/M/MAXVER01_Max_Verstappen/maxver01.png.transform/1col/image.png,3.0,3,3.0,,,,0 days 00:00:05.065000,Finished,6.0,17.0,22.2,36.8,58.3,0.7,True
2023,4,Azerbaijan Grand Prix,Baku,S,2023-04-30,63,RUS,russell,Mercedes,mercedes,George,Russell,https://www.formula1.com/content/dam/fom-website/drivers/G/GEORUS01_George_Russell/georus01.png.transform/1col/image.png,4.0,4,4.0,,,,0 days 00:00:03.467000,Finished,5.0,17.0,22.2,36.8,58.3,0.7,True
2023,4,Azerbaijan Grand Prix,Baku,S,2023-04-30,55,SAI,sainz,Ferrari,ferrari,Carlos,Sainz,https://www.formula1.com/content/dam/fom-website/drivers/C/CARSAI01_Carlos_Sainz/carsai01.png.transform/1col/image.png,5.0,5,5.0,,,,0 days 00:00:10.388000,Finished,4.0,17.0,22.2,36.8,58.3,0.7,True
2023,4,Azerbaijan Grand Prix,Baku,S,2023-04-30,14,ALO,alonso,Aston Martin,aston_martin,Fernando,Alonso,https://www.formula1.com/content/dam/fom-website/drivers/F/FERALO01_Fernando_Alonso/feralo01.png.transform/1col/image.png,6.0,6,8.0,,,,0 days 00:00:11.613000,Finished,3.0,17.0,22.2,36.8,58.3,0.7,True
2023,4,Azerbaijan Grand Prix,Baku,S,2023-04-30,44,HAM,hamilton,Mercedes,mercedes,Lewis,Hamilton,https://www.formula1.com/content/dam/fom-website/drivers/L/LEWHAM01_Lewis_Hamilton/lewham01.png.transform/1col/image.png,7.0,7,6.0,,,,0 days 00:00:04.890000,Finished,2.0,17.0,22.2,36.8,58.3,0.7,True
2023,4,Azerbaijan Grand Prix,Baku,S,2023-04-30,18,STR,stroll,Aston Martin,aston_martin,Lance,Stroll,https://www.formula1.com/content/dam/fom-website/drivers/L/LANSTR01_Lance_Stroll/lanstr01.png.transform/1col/image.png,8.0,8,9.0,,,,0 days 00:00:18.417000,Finished,1.0,17.0,22.2,36.8,58.3,0.7,True
2023,4,Azerbaijan Grand Prix,Baku,S,2023-04-30,23,ALB,albon,Williams,williams,Alexander,Albon,https://www.formula1.com/content/dam/fom-website/drivers/A/ALEALB01_Alexander_Albon/alealb01.png.transform/1col/image.png,9.0,9,7.0,,,,0 days 00:00:21.757000,Finished,0.0,17.0,22.2,36.8,58.3,0.7,True
2023,4,Azerbaijan Grand Prix,Baku,S,2023-04-30,81,PIA,piastri,McLaren,mclaren,Oscar,Piastri,https://www.formula1.com/content/dam/fom-website/drivers/O/OSCPIA01_Oscar_Piastri/oscpia01.png.transform/1col/image.png,10.0,10,11.0,,,,0 days 00:00:22.851000,Finished,0.0,17.0,22.2,36.8,58.3,0.7,True
2023,4,Azerbaijan Grand Prix,Baku,S,2023-04-30,20,MAG,kevin_magnussen,Haas F1 Team,haas,Kevin,Magnussen,https://www.formula1.com/content/dam/fom-website/drivers/K/KEVMAG01_Kevin_Magnussen/kevmag01.png.transform/1col/image.png,11.0,11,13.0,,,,0 days 00:00:27.990000,Finished,0.0,17.0,22.2,36.8,58.3,0.7,True
2023,4,Azerbaijan Grand Prix,Baku,S,2023-04-30,24,ZHO,zhou,Alfa Romeo,alfa,Guanyu,Zhou,https://www.formula1.com/content/dam/fom-website/drivers/G/GUAZHO01_Guanyu_Zhou/guazho01.png.transform/1col/image.png,12.0,12,14.0,,,,0 days 00:00:34.602000,Finished,0.0,17.0,22.2,36.8,58.3,0.7,True
2023,4,Azerbaijan Grand Prix,Baku,S,2023-04-30,10,GAS,gasly,Alpine,alpine,Pierre,Gasly,https://www.formula1.com/content/dam/fom-website/drivers/P/PIEGAS01_Pierre_Gasly/piegas01.png.transform/1col/image.png,13.0,13,17.0,,,,0 days 00:00:36.918000,Finished,0.0,17.0,22.2,36.8,58.3,0.7,True
2023,4,Azerbaijan Grand Prix,Baku,S,2023-04-30,21,DEV,de_vries,AlphaTauri,alphatauri,Nyck,De Vries,https://www.formula1.com/content/dam/fom-website/drivers/N/NYCDEV01_Nyck_De%20Vries/nycdev01.png.transform/1col/image.png,14.0,14,18.0,,,,0 days 00:00:41.626000,Finished,0.0,17.0,22.2,36.8,58.3,0.7,True
2023,4,Azerbaijan Grand Prix,Baku,S,2023-04-30,27,HUL,hulkenberg,Haas F1 Team,haas,Nico,Hulkenberg,https://www.formula1.com/content/dam/fom-website/drivers/N/NICHUL01_Nico_Hulkenberg/nichul01.png.transform/1col/image.png,15.0,15,12.0,,,,0 days 00:00:48.587000,Finished,0.0,17.0,22.2,36.8,58.3,0.7,True
2023,4,Azerbaijan Grand Prix,Baku,S,2023-04-30,77,BOT,bottas,Alfa Romeo,alfa,Valtteri,Bottas,https://www.formula1.com/content/dam/fom-website/drivers/V/VALBOT01_Valtteri_Bottas/valbot01.png.transform/1col/image.png,16.0,16,15.0,,,,0 days 00:00:49.917000,Finished,0.0,17.0,22.2,36.8,58.3,0.7,True
2023,4,Azerbaijan Grand Prix,Baku,S,2023-04-30,4,NOR,norris,McLaren,mclaren,Lando,Norris,https://www.formula1.com/content/dam/fom-website/drivers/L/LANNOR01_Lando_Norris/lannor01.png.transform/1col/image.png,17.0,17,10.0,,,,0 days 00:00:51.104000,Finished,0.0,17.0,22.2,36.8,58.3,0.7,True
2023,4,Azerbaijan Grand Prix,Baku,S,2023-04-30,31,OCO,ocon,Alpine,alpine,Esteban,Ocon,https://www.formula1.com/content/dam/fom-website/drivers/E/ESTOCO01_Esteban_Ocon/estoco01.png.transform/1col/image.png,18.0,18,0.0,,,,0 days 00:01:00.621000,Finished,0.0,17.0,22.2,36.8,58.3,0.7,True
2023,4,Azerbaijan Grand Prix,Baku,S,2023-04-30,22,TSU,tsunoda,AlphaTauri,alphatauri,Yuki,Tsunoda,https://www.formula1.com/content/dam/fom-website/drivers/Y/YUKTSU01_Yuki_Tsunoda/yuktsu01.png.transform/1col/image.png,19.0,R,16.0,,,,,Collision damage,0.0,2.0,22.2,36.8,58.3,0.7,True
2023,4,Azerbaijan Grand Prix,Baku,S,2023-04-30,2,SAR,sargeant,Williams,williams,Logan,Sargeant,,,R,,,,,,Accident,0.0,0.0,22.2,36.8,58.3,0.7,True
2023,9,Austrian Grand Prix,Spielberg,S,2023-07-02,1,VER,max_verstappen,Red Bull Racing,red_bull,Max,Verstappen,https://www.formula1.com/content/dam/fom-website/drivers/M/MAXVER01_Max_Verstappen/maxver01.png.transform/1col/image.png,1.0,1,1.0,,,,0 days 00:30:26.730000,Finished,8.0,24.0,16.4,21.1,87.3,0.8,True
2023,9,Austrian Grand Prix,Spielberg,S,2023-07-02,11,PER,perez,Red Bull Racing,red_bull,Sergio,Perez,https://www.formula1.com/content/dam/fom-website/drivers/S/SERPER01_Sergio_Perez/serper01.png.transform/1col/image.png,2.0,2,2.0,,,,0 days 00:00:21.048000,Finished,7.0,24.0,16.4,21.1,87.3,0.8,True
2023,9,Austrian Grand Prix,Spielberg,S,2023-07-02,55,SAI,sainz,Ferrari,ferrari,Carlos,Sainz,https://www.formula1.com/content/dam/fom-website/drivers/C/CARSAI01_Carlos_Sainz/carsai01.png.transform/1col/image.png,3.0,3,5.0,,,,0 days 00:00:23.088000,Finished,6.0,24.0,16.4,21.1,87.3,0.8,True
2023,9,Austrian Grand Prix,Spielberg,S,2023-07-02,18,STR,stroll,Aston Martin,aston_martin,Lance,Stroll,https://www.formula1.com/content/dam/fom-website/drivers/L/LANSTR01_Lance_Stroll/lanstr01.png.transform/1col/image.png,4.0,4,7.0,,,,0 days 00:00:29.703000,Finished,5.0,24.0,16.4,21.1,87.3,0.8,True
2023,9,Austrian Grand Prix,Spielberg,S,2023-07-02,14,ALO,alonso,Aston Martin,aston_martin,Fernando,Alonso,https://www.formula1.com/content/dam/fom-website/drivers/F/FERALO01_Fernando_Alonso/feralo01.png.transform/1col/image.png,5.0,5,6.0,,,,0 days 00:00:30.109000,Finished,4.0,24.0,16.4,21.1,87.3,0.8,True
2023,9,Austrian Grand Prix,Spielberg,S,2023-07-02,27,HUL,hulkenberg,Haas F1 Team,haas,Nico,Hulkenberg,https://www.formula1.com/content/dam/fom-website/drivers/N/NICHUL01_Nico_Hulkenberg/nichul01.png.transform/1col/image.png,6.0,6,4.0,,,,0 days 00:00:31.297000,Finished,3.0,24.0,16.4,21.1,87.3,0.8,True
2023,9,Austrian Grand Prix,Spielberg,S,2023-07-02,31,OCO,ocon,Alpine,alpine,Esteban,Ocon,https://www.formula1.com/content/dam/fom-website/drivers/E/ESTOCO01_Esteban_Ocon/estoco01.png.transform/1col/image.png,7.0,7,8.0,,,,0 days 00:00:36.602000,Finished,2.0,24.0,16.4,21.1,87.3,0.8,True
2023,9,Austrian Grand Prix,Spielberg,S,2023-07-02,63,RUS,russell,Mercedes,mercedes,George,Russell,https://www.formula1.com/content/dam/fom-website/drivers/G/GEORUS01_George_Russell/georus01.png.transform/1col/image.png,8.0,8,15.0,,,,0 days 00:00:36.611000,Finished,1.0,24.0,16.4,21.1,87.3,0.8,True
2023,9,Austrian Grand Prix,Spielberg,S,2023-07-02,4,NOR,norris,McLaren,mclaren,Lando,Norris,https://www.formula1.com/content/dam/fom-website/drivers/L/LANNOR01_Lando_Norris/lannor01.png.transform/1col/image.png,9.0,9,3.0,,,,0 days 00:00:38.608000,Finished,0.0,24.0,16.4,21.1,87.3,0.8,True
2023,9,Austrian Grand Prix,Spielberg,S,2023-07-02,44,HAM,hamilton,Mercedes,mercedes,Lewis,Hamilton,https://www.formula1.com/content/dam/fom-website/drivers/L/LEWHAM01_Lewis_Hamilton/lewham01.png.transform/1col/image.png,10.0,10,18.0,,,,0 days 00:00:46.375000,Finished,0.0,24.0,16.4,21.1,87.3,0.8,True
2023,9,Austrian Grand Prix,Spielberg,S,2023-07-02,81,PIA,piastri,McLaren,mclaren,Oscar,Piastri,https://www.formula1.com/content/dam/fom-website/drivers/O/OSCPIA01_Oscar_Piastri/oscpia01.png.transform/1col/image.png,11.0,11,17.0,,,,0 days 00:00:49.807000,Finished,0.0,24.0,16.4,21.1,87.3,0.8,True
2023,9,Austrian Grand Prix,Spielberg,S,2023-07-02,16,LEC,leclerc,Ferrari,ferrari,Charles,Leclerc,https://www.formula1.com/content/dam/fom-website/drivers/C/CHALEC01_Charles_Leclerc/chalec01.png.transform/1col/image.png,12.0,12,9.0,,,,0 days 00:00:50.789000,Finished,0.0,24.0,16.4,21.1,87.3,0.8,True
2023,9,Austrian Grand Prix,Spielberg,S,2023-07-02,23,ALB,albon,Williams,williams,Alexander,Albon,https://www.formula1.com/content/dam/fom-website/drivers/A/ALEALB01_Alexander_Albon/alealb01.png.transform/1col/image.png,13.0,13,11.0,,,,0 days 00:00:52.848000,Finished,0.0,24.0,16.4,21.1,87.3,0.8,True
2023,9,Austrian Grand Prix,Spielberg,S,2023-07-02,20,MAG,kevin_magnussen,Haas F1 Team,haas,Kevin,Magnussen,https://www.formula1.com/content/dam/fom-website/drivers/K/KEVMAG01_Kevin_Magnussen/kevmag01.png.transform/1col/image.png,14.0,14,10.0,,,,0 days 00:00:56.593000,Finished,0.0,24.0,16.4,21.1,87.3,0.8,True
2023,9,Austrian Grand Prix,Spielberg,S,2023-07-02,10,GAS,gasly,Alpine,alpine,Pierre,Gasly,https://www.formula1.com/content/dam/fom-website/drivers/P/PIEGAS01_Pierre_Gasly/piegas01.png.transform/1col/image.png,15.0,15,12.0,,,,0 days 00:00:57.652000,Finished,0.0,24.0,16.4,21.1,87.3,0.8,True
2023,9,Austrian Grand Prix,Spielberg,S,2023-07-02,22,TSU,tsunoda,AlphaTauri,alphatauri,Yuki,Tsunoda,https://www.formula1.com/content/dam/fom-website/drivers/Y/YUKTSU01_Yuki_Tsunoda/yuktsu01.png.transform/1col/image.png,16.0,16,13.0,,,,0 days 00:01:04.822000,Finished,0.0,24.0,16.4,21.1,87.3,0.8,True
2023,9,Austrian Grand Prix,Spielberg,S,2023-07-02,21,DEV,de_vries,AlphaTauri,alphatauri,Nyck,De Vries,https://www.formula1.com/content/dam/fom-website/drivers/N/NYCDEV01_Nyck_De%20Vries/nycdev01.png.transform/1col/image.png,17.0,17,14.0,,,,0 days 00:01:05.617000,Finished,0.0,24.0,16.4,21.1,87.3,0.8,True
2023,9,Austrian Grand Prix,Spielberg,S,2023-07-02,2,SAR,sargeant,Williams,williams,Logan,Sargeant,https://www.formula1.com/content/dam/fom-website/drivers/L/LOGSAR01_Logan_Sargeant/logsar01.png.transform/1col/image.png,18.0,18,20.0,,,,0 days 00:01:06.059000,Finished,0.0,24.0,16.4,21.1,87.3,0.8,True
2023,9,Austrian Grand Prix,Spielberg,S,2023-07-02,24,ZHO,zhou,Alfa Romeo,alfa,Guanyu,Zhou,https://www.formula1.com/content/dam/fom-website/drivers/G/GUAZHO01_Guanyu_Zhou/guazho01.png.transform/1col/image.png,19.0,19,16.0,,,,0 days 00:01:10.825000,Finished,0.0,24.0,16.4,21.1,87.3,0.8,True
2023,9,Austrian Grand Prix,Spielberg,S,2023-07-02,77,BOT,bottas,Alfa Romeo,alfa,Valtteri,Bottas,https://www.formula1.com/content/dam/fom-website/drivers/V/VALBOT01_Valtteri_Bottas/valbot01.png.transform/1col/image.png,20.0,20,19.0,,,,0 days 00:01:16.435000,Finished,0.0,24.0,16.4,21.1,87.3,0.8,True
2023,12,Belgian Grand Prix,Spa-Francorchamps,S,2023-07-30,1,VER,max_verstappen,Red Bull Racing,red_bull,Max,Verstappen,https://www.formula1.com/content/dam/fom-website/drivers/M/MAXVER01_Max_Verstappen/maxver01.png.transform/1col/image.png,1.0,1,1.0,,,,0 days 00:24:58.433000,Finished,8.0,11.0,19.6,27.3,77.0,1.1,True
2023,12,Belgian Grand Prix,Spa-Francorchamps,S,2023-07-30,81,PIA,piastri,McLaren,mclaren,Oscar,Piastri,https://www.formula1.com/content/dam/fom-website/drivers/O/OSCPIA01_Oscar_Piastri/oscpia01.png.transform/1col/image.png,2.0,2,2.0,,,,0 days 00:00:06.677000,Finished,7.0,11.0,19.6,27.3,77.0,1.1,True
2023,12,Belgian Grand Prix,Spa-Francorchamps,S,2023-07-30,10,GAS,gasly,Alpine,alpine,Pierre,Gasly,https://www.formula1.com/content/dam/fom-website/drivers/P/PIEGAS01_Pierre_Gasly/piegas01.png.transform/1col/image.png,3.0,3,6.0,,,,0 days 00:00:10.733000,Finished,6.0,11.0,19.6,27.3,77.0,1.1,True
2023,12,Belgian Grand Prix,Spa-Francorchamps,S,2023-07-30,55,SAI,sainz,Ferrari,ferrari,Carlos,Sainz,https://www.formula1.com/content/dam/fom-website/drivers/C/CARSAI01_Carlos_Sainz/carsai01.png.transform/1col/image.png,4.0,4,3.0,,,,0 days 00:00:12.648000,Finished,5.0,11.0,19.6,27.3,77.0,1.1,True
2023,12,Belgian Grand Prix,Spa-Francorchamps,S,2023-07-30,16,LEC,leclerc,Ferrari,ferrari,Charles,Leclerc,https://www.formula1.com/content/dam/fom-website/drivers/C/CHALEC01_Charles_Leclerc/chalec01.png.transform/1col/image.png,5.0,5,4.0,,,,0 days 00:00:15.016000,Finished,4.0,11.0,19.6,27.3,77.0,1.1,True
2023,12,Belgian Grand Prix,Spa-Francorchamps,S,2023-07-30,4,NOR,norris,McLaren,mclaren,Lando,Norris,https://www.formula1.com/content/dam/fom-website/drivers/L/LANNOR01_Lando_Norris/lannor01.png.transform/1col/image.png,6.0,6,5.0,,,,0 days 00:00:16.052000,Finished,3.0,11.0,19.6,27.3,77.0,1.1,True
2023,12,Belgian Grand Prix,Spa-Francorchamps,S,2023-07-30,44,HAM,hamilton,Mercedes,mercedes,Lewis,Hamilton,https://www.formula1.com/content/dam/fom-website/drivers/L/LEWHAM01_Lewis_Hamilton/lewham01.png.transform/1col/image.png,7.0,7,7.0,,,,0 days 00:00:16.757000,Finished,2.0,11.0,19.6,27.3,77.0,1.1,True
2023,12,Belgian Grand Prix,Spa-Francorchamps,S,2023-07-30,63,RUS,russell,Mercedes,mercedes,George,Russell,https://www.formula1.com/content/dam/fom-website/drivers/G/GEORUS01_George_Russell/georus01.png.transform/1col/image.png,8.0,8,10.0,,,,0 days 00:00:16.822000,Finished,1.0,11.0,19.6,27.3,77.0,1.1,True
2023,12,Belgian Grand Prix,Spa-Francorchamps,S,2023-07-30,31,OCO,ocon,Alpine,alpine,Esteban,Ocon,https://www.formula1.com/content/dam/fom-website/drivers/E/ESTOCO01_Esteban_Ocon/estoco01.png.transform/1col/image.png,9.0,9,9.0,,,,0 days 00:00:22.410000,Finished,0.0,11.0,19.6,27.3,77.0,1.1,True
2023,12,Belgian Grand Prix,Spa-Francorchamps,S,2023-07-30,3,RIC,ricciardo,AlphaTauri,alphatauri,Daniel,Ricciardo,,10.0,10,11.0,,,,0 days 00:00:22.806000,Finished,0.0,11.0,19.6,27.3,77.0,1.1,True
2023,12,Belgian Grand Prix,Spa-Francorchamps,S,2023-07-30,18,STR,stroll,Aston Martin,aston_martin,Lance,Stroll,https://www.formula1.com/content/dam/fom-website/drivers/L/LANSTR01_Lance_Stroll/lanstr01.png.transform/1col/image.png,11.0,11,14.0,,,,0 days 00:00:25.007000,Finished,0.0,11.0,19.6,27.3,77.0,1.1,True
2023,12,Belgian Grand Prix,Spa-Francorchamps,S,2023-07-30,23,ALB,albon,Williams,williams,Alexander,Albon,https://www.formula1.com/content/dam/fom-website/drivers/A/ALEALB01_Alexander_Albon/alealb01.png.transform/1col/image.png,12.0,12,12.0,,,,0 days 00:00:26.303000,Finished,0.0,11.0,19.6,27.3,77.0,1.1,True
2023,12,Belgian Grand Prix,Spa-Francorchamps,S,2023-07-30,77,BOT,bottas,Alfa Romeo,alfa,Valtteri,Bottas,https://www.formula1.com/content/dam/fom-website/drivers/V/VALBOT01_Valtteri_Bottas/valbot01.png.transform/1col/image.png,13.0,13,17.0,,,,0 days 00:00:27.006000,Finished,0.0,11.0,19.6,27.3,77.0,1.1,True
2023,12,Belgian Grand Prix,Spa-Francorchamps,S,2023-07-30,20,MAG,kevin_magnussen,Haas F1 Team,haas,Kevin,Magnussen,https://www.formula1.com/content/dam/fom-website/drivers/K/KEVMAG01_Kevin_Magnussen/kevmag01.png.transform/1col/image.png,14.0,14,18.0,,,,0 days 00:00:32.986000,Finished,0.0,11.0,19.6,27.3,77.0,1.1,True
2023,12,Belgian Grand Prix,Spa-Francorchamps,S,2023-07-30,24,ZHO,zhou,Alfa Romeo,alfa,Guanyu,Zhou,https://www.formula1.com/content/dam/fom-website/drivers/G/GUAZHO01_Guanyu_Zhou/guazho01.png.transform/1col/image.png,15.0,15,19.0,,,,0 days 00:00:36.342000,Finished,0.0,11.0,19.6,27.3,77.0,1.1,True
2023,12,Belgian Grand Prix,Spa-Francorchamps,S,2023-07-30,2,SAR,sargeant,Williams,williams,Logan,Sargeant,https://www.formula1.com/content/dam/fom-website/drivers/L/LOGSAR01_Logan_Sargeant/logsar01.png.transform/1col/image.png,16.0,16,13.0,,,,0 days 00:00:37.571000,Finished,0.0,11.0,19.6,27.3,77.0,1.1,True
2023,12,Belgian Grand Prix,Spa-Francorchamps,S,2023-07-30,27,HUL,hulkenberg,Haas F1 Team,haas,Nico,Hulkenberg,https://www.formula1.com/content/dam/fom-website/drivers/N/NICHUL01_Nico_Hulkenberg/nichul01.png.transform/1col/image.png,17.0,17,20.0,,,,0 days 00:00:37.827000,Finished,0.0,11.0,19.6,27.3,77.0,1.1,True
2023,12,Belgian Grand Prix,Spa-Francorchamps,S,2023-07-30,22,TSU,tsunoda,AlphaTauri,alphatauri,Yuki,Tsunoda,https://www.formula1.com/content/dam/fom-website/drivers/Y/YUKTSU01_Yuki_Tsunoda/yuktsu01.png.transform/1col/image.png,18.0,18,16.0,,,,0 days 00:00:39.267000,Finished,0.0,11.0,19.6,27.3,77.0,1.1,True
2023,12,Belgian Grand Prix,Spa-Francorchamps,S,2023-07-30,11,PER,perez,Red Bull Racing,red_bull,Sergio,Perez,https://www.formula1.com/content/dam/fom-website/drivers/S/SERPER01_Sergio_Perez/serper01.png.transform/1col/image.png,19.0,R,8.0,,,,,Collision damage,0.0,8.0,19.6,27.3,77.0,1.1,True
2023,12,Belgian Grand Prix,Spa-Francorchamps,S,2023-07-30,14,ALO,alonso,Aston Martin,aston_martin,Fernando,Alonso,https://www.formula1.com/content/dam/fom-website/drivers/F/FERALO01_Fernando_Alonso/feralo01.png.transform/1col/image.png,20.0,R,15.0,,,,,Accident,0.0,2.0,19.6,27.3,77.0,1.1,True
2023,17,Qatar Grand Prix,Lusail,S,2023-10-08,81,PIA,piastri,McLaren,mclaren,Oscar,Piastri,https://www.formula1.com/content/dam/fom-website/drivers/O/OSCPIA01_Oscar_Piastri/oscpia01.png.transform/1col/image.png,1.0,1,1.0,,,,0 days 00:35:01.297000,Finished,8.0,19.0,31.8,35.9,59.8,1.6,False
2023,17,Qatar Grand Prix,Lusail,S,2023-10-08,1,VER,max_verstappen,Red Bull Racing,red_bull,Max,Verstappen,https://www.formula1.com/content/dam/fom-website/drivers/M/MAXVER01_Max_Verstappen/maxver01.png.transform/1col/image.png,2.0,2,3.0,,,,0 days 00:00:01.871000,Finished,7.0,19.0,31.8,35.9,59.8,1.6,False
2023,17,Qatar Grand Prix,Lusail,S,2023-10-08,4,NOR,norris,McLaren,mclaren,Lando,Norris,https://www.formula1.com/content/dam/fom-website/drivers/L/LANNOR01_Lando_Norris/lannor01.png.transform/1col/image.png,3.0,3,2.0,,,,0 days 00:00:08.497000,Finished,6.0,19.0,31.8,35.9,59.8,1.6,False
2023,17,Qatar Grand Prix,Lusail,S,2023-10-08,63,RUS,russell,Mercedes,mercedes,George,Russell,https://www.formula1.com/content/dam/fom-website/drivers/G/GEORUS01_George_Russell/georus01.png.transform/1col/image.png,4.0,4,4.0,,,,0 days 00:00:11.036000,Finished,5.0,19.0,31.8,35.9,59.8,1.6,False
2023,17,Qatar Grand Prix,Lusail,S,2023-10-08,44,HAM,hamilton,Mercedes,mercedes,Lewis,Hamilton,https://www.formula1.com/content/dam/fom-website/drivers/L/LEWHAM01_Lewis_Hamilton/lewham01.png.transform/1col/image.png,5.0,5,12.0,,,,0 days 00:00:17.314000,Finished,4.0,19.0,31.8,35.9,59.8,1.6,False
2023,17,Qatar Grand Prix,Lusail,S,2023-10-08,55,SAI,sainz,Ferrari,ferrari,Carlos,Sainz,https://www.formula1.com/content/dam/fom-website/drivers/C/CARSAI01_Carlos_Sainz/carsai01.png.transform/1col/image.png,6.0,6,5.0,,,,0 days 00:00:18.806000,Finished,3.0,19.0,31.8,35.9,59.8,1.6,False
2023,17,Qatar Grand Prix,Lusail,S,2023-10-08,23,ALB,albon,Williams,williams,Alexander,Albon,https://www.formula1.com/content/dam/fom-website/drivers/A/ALEALB01_Alexander_Albon/alealb01.png.transform/1col/image.png,7.0,7,17.0,,,,0 days 00:00:19.864000,Finished,2.0,19.0,31.8,35.9,59.8,1.6,False
2023,17,Qatar Grand Prix,Lusail,S,2023-10-08,14,ALO,alonso,Aston Martin,aston_martin,Fernando,Alonso,https://www.formula1.com/content/dam/fom-website/drivers/F/FERALO01_Fernando_Alonso/feralo01.png.transform/1col/image.png,8.0,8,9.0,,,,0 days 00:00:21.180000,Finished,1.0,19.0,31.8,35.9,59.8,1.6,False
2023,17,Qatar Grand Prix,Lusail,S,2023-10-08,10,GAS,gasly,Alpine,alpine,Pierre,Gasly,https://www.formula1.com/content/dam/fom-website/drivers/P/PIEGAS01_Pierre_Gasly/piegas01.png.transform/1col/image.png,9.0,9,11.0,,,,0 days 00:00:21.742000,Finished,0.0,19.0,31.8,35.9,59.8,1.6,False
2023,17,Qatar Grand Prix,Lusail,S,2023-10-08,77,BOT,bottas,Alfa Romeo,alfa,Valtteri,Bottas,https://www.formula1.com/content/dam/fom-website/drivers/V/VALBOT01_Valtteri_Bottas/valbot01.png.transform/1col/image.png,10.0,10,13.0,,,,0 days 00:00:22.208000,Finished,0.0,19.0,31.8,35.9,59.8,1.6,False
2023,17,Qatar Grand Prix,Lusail,S,2023-10-08,22,TSU,tsunoda,AlphaTauri,alphatauri,Yuki,Tsunoda,https://www.formula1.com/content/dam/fom-website/drivers/Y/YUKTSU01_Yuki_Tsunoda/yuktsu01.png.transform/1col/image.png,11.0,11,18.0,,,,0 days 00:00:22.863000,Finished,0.0,19.0,31.8,35.9,59.8,1.6,False
2023,17,Qatar Grand Prix,Lusail,S,2023-10-08,16,LEC,leclerc,Ferrari,ferrari,Charles,Leclerc,https://www.formula1.com/content/dam/fom-website/drivers/C/CHALEC01_Charles_Leclerc/chalec01.png.transform/1col/image.png,12.0,12,6.0,,,,0 days 00:00:24.860000,Finished,0.0,19.0,31.8,35.9,59.8,1.6,False
2023,17,Qatar Grand Prix,Lusail,S,2023-10-08,18,STR,stroll,Aston Martin,aston_martin,Lance,Stroll,https://www.formula1.com/content/dam/fom-website/drivers/L/LANSTR01_Lance_Stroll/lanstr01.png.transform/1col/image.png,13.0,13,16.0,,,,0 days 00:00:24.523000,Finished,0.0,19.0,31.8,35.9,59.8,1.6,False
2023,17,Qatar Grand Prix,Lusail,S,2023-10-08,20,MAG,kevin_magnussen,Haas F1 Team,haas,Kevin,Magnussen,https://www.formula1.com/content/dam/fom-website/drivers/K/KEVMAG01_Kevin_Magnussen/kevmag01.png.transform/1col/image.png,14.0,14,19.0,,,,0 days 00:00:24.970000,Finished,0.0,19.0,31.8,35.9,59.8,1.6,False
2023,17,Qatar Grand Prix,Lusail,S,2023-10-08,24,ZHO,zhou,Alfa Romeo,alfa,Guanyu,Zhou,https://www.formula1.com/content/dam/fom-website/drivers/G/GUAZHO01_Guanyu_Zhou/guazho01.png.transform/1col/image.png,15.0,15,15.0,,,,0 days 00:00:26.868000,Finished,0.0,19.0,31.8,35.9,59.8,1.6,False
2023,17,Qatar Grand Prix,Lusail,S,2023-10-08,27,HUL,hulkenberg,Haas F1 Team,haas,Nico,Hulkenberg,https://www.formula1.com/content/dam/fom-website/drivers/N/NICHUL01_Nico_Hulkenberg/nichul01.png.transform/1col/image.png,16.0,R,7.0,,,,,Retired,0.0,11.0,31.8,35.9,59.8,1.6,False
2023,17,Qatar Grand Prix,Lusail,S,2023-10-08,31,OCO,ocon,Alpine,alpine,Esteban,Ocon,https://www.formula1.com/content/dam/fom-website/drivers/E/ESTOCO01_Esteban_Ocon/estoco01.png.transform/1col/image.png,17.0,R,10.0,,,,,Retired,0.0,10.0,31.8,35.9,59.8,1.6,False
2023,17,Qatar Grand Prix,Lusail,S,2023-10-08,11,PER,perez,Red Bull Racing,red_bull,Sergio,Perez,https://www.formula1.com/content/dam/fom-website/drivers/S/SERPER01_Sergio_Perez/serper01.png.transform/1col/image.png,18.0,R,8.0,,,,,Retired,0.0,10.0,31.8,35.9,59.8,1.6,False
2023,17,Qatar Grand Prix,Lusail,S,2023-10-08,2,SAR,sargeant,Williams,williams,Logan,Sargeant,https://www.formula1.com/content/dam/fom-website/drivers/L/LOGSAR01_Logan_Sargeant/logsar01.png.transform/1col/image.png,19.0,R,20.0,,,,,Retired,0.0,2.0,31.8,35.9,59.8,1.6,False
2023,17,Qatar Grand Prix,Lusail,S,2023-10-08,40,LAW,lawson,AlphaTauri,alphatauri,Liam,Lawson,,20.0,R,14.0,,,,,Retired,0.0,0.0,31.8,35.9,59.8,1.6,False
2023,18,United States Grand Prix,Austin,S,2023-10-22,1,VER,max_verstappen,Red Bull Racing,red_bull,Max,Verstappen,https://www.formula1.com/content/dam/fom-website/drivers/M/MAXVER01_Max_Verstappen/maxver01.png.transform/1col/image.png,1.0,1,1.0,,,,0 days 00:31:30.849000,Finished,8.0,19.0,33.2,36.6,21.6,2.4,False
2023,18,United States Grand Prix,Austin,S,2023-10-22,44,HAM,hamilton,Mercedes,mercedes,Lewis,Hamilton,https://www.formula1.com/content/dam/fom-website/drivers/L/LEWHAM01_Lewis_Hamilton/lewham01.png.transform/1col/image.png,2.0,2,3.0,,,,0 days 00:00:09.465000,Finished,7.0,19.0,33.2,36.6,21.6,2.4,False
2023,18,United States Grand Prix,Austin,S,2023-10-22,16,LEC,leclerc,Ferrari,ferrari,Charles,Leclerc,https://www.formula1.com/content/dam/fom-website/drivers/C/CHALEC01_Charles_Leclerc/chalec01.png.transform/1col/image.png,3.0,3,2.0,,,,0 days 00:00:17.987000,Finished,6.0,19.0,33.2,36.6,21.6,2.4,False
2023,18,United States Grand Prix,Austin,S,2023-10-22,4,NOR,norris,McLaren,mclaren,Lando,Norris,https://www.formula1.com/content/dam/fom-website/drivers/L/LANNOR01_Lando_Norris/lannor01.png.transform/1col/image.png,4.0,4,4.0,,,,0 days 00:00:18.863000,Finished,5.0,19.0,33.2,36.6,21.6,2.4,False
2023,18,United States Grand Prix,Austin,S,2023-10-22,11,PER,perez,Red Bull Racing,red_bull,Sergio,Perez,https://www.formula1.com/content/dam/fom-website/drivers/S/SERPER01_Sergio_Perez/serper01.png.transform/1col/image.png,5.0,5,7.0,,,,0 days 00:00:22.928000,Finished,4.0,19.0,33.2,36.6,21.6,2.4,False
2023,18,United States Grand Prix,Austin,S,2023-10-22,55,SAI,sainz,Ferrari,ferrari,Carlos,Sainz,https://www.formula1.com/content/dam/fom-website/drivers/C/CARSAI01_Carlos_Sainz/carsai01.png.transform/1col/image.png,6.0,6,6.0,,,,0 days 00:00:28.307000,Finished,3.0,19.0,33.2,36.6,21.6,2.4,False
2023,18,United States Grand Prix,Austin,S,2023-10-22,10,GAS,gasly,Alpine,alpine,Pierre,Gasly,https://www.formula1.com/content/dam/fom-website/drivers/P/PIEGAS01_Pierre_Gasly/piegas01.png.transform/1col/image.png,7.0,7,9.0,,,,0 days 00:00:32.403000,Finished,2.0,19.0,33.2,36.6,21.6,2.4,False
2023,18,United States Grand Prix,Austin,S,2023-10-22,63,RUS,russell,Mercedes,mercedes,George,Russell,https://www.formula1.com/content/dam/fom-website/drivers/G/GEORUS01_George_Russell/georus01.png.transform/1col/image.png,8.0,8,11.0,,,,0 days 00:00:34.250000,Finished,1.0,19.0,33.2,36.6,21.6,2.4,False
2023,18,United States Grand Prix,Austin,S,2023-10-22,23,ALB,albon,Williams,williams,Alexander,Albon,https://www.formula1.com/content/dam/fom-website/drivers/A/ALEALB01_Alexander_Albon/alealb01.png.transform/1col/image.png,9.0,9,8.0,,,,0 days 00:00:34.567000,Finished,0.0,19.0,33.2,36.6,21.6,2.4,False
2023,18,United States Grand Prix,Austin,S,2023-10-22,81,PIA,piastri,McLaren,mclaren,Oscar,Piastri,https://www.formula1.com/content/dam/fom-website/drivers/O/OSCPIA01_Oscar_Piastri/oscpia01.png.transform/1col/image.png,10.0,10,5.0,,,,0 days 00:00:42.403000,Finished,0.0,19.0,33.2,36.6,21.6,2.4,False
2023,18,United States Grand Prix,Austin,S,2023-10-22,31,OCO,ocon,Alpine,alpine,Esteban,Ocon,https://www.formula1.com/content/dam/fom-website/drivers/E/ESTOCO01_Esteban_Ocon/estoco01.png.transform/1col/image.png,11.0,11,13.0,,,,0 days 00:00:44.986000,Finished,0.0,19.0,33.2,36.6,21.6,2.4,False
2023,18,United States Grand Prix,Austin,S,2023-10-22,3,RIC,ricciardo,AlphaTauri,alphatauri,Daniel,Ricciardo,,12.0,12,10.0,,,,0 days 00:00:45.509000,Finished,0.0,19.0,33.2,36.6,21.6,2.4,False
2023,18,United States Grand Prix,Austin,S,2023-10-22,14,ALO,alonso,Aston Martin,aston_martin,Fernando,Alonso,https://www.formula1.com/content/dam/fom-website/drivers/F/FERALO01_Fernando_Alonso/feralo01.png.transform/1col/image.png,13.0,13,12.0,,,,0 days 00:00:49.086000,Finished,0.0,19.0,33.2,36.6,21.6,2.4,False
2023,18,United States Grand Prix,Austin,S,2023-10-22,22,TSU,tsunoda,AlphaTauri,alphatauri,Yuki,Tsunoda,https://www.formula1.com/content/dam/fom-website/drivers/Y/YUKTSU01_Yuki_Tsunoda/yuktsu01.png.transform/1col/image.png,14.0,14,19.0,,,,0 days 00:00:49.733000,Finished,0.0,19.0,33.2,36.6,21.6,2.4,False
2023,18,United States Grand Prix,Austin,S,2023-10-22,27,HUL,hulkenberg,Haas F1 Team,haas,Nico,Hulkenberg,https://www.formula1.com/content/dam/fom-website/drivers/N/NICHUL01_Nico_Hulkenberg/nichul01.png.transform/1col/image.png,15.0,15,16.0,,,,0 days 00:00:56.650000,Finished,0.0,19.0,33.2,36.6,21.6,2.4,False
2023,18,United States Grand Prix,Austin,S,2023-10-22,77,BOT,bottas,Alfa Romeo,alfa,Valtteri,Bottas,https://www.formula1.com/content/dam/fom-website/drivers/V/VALBOT01_Valtteri_Bottas/valbot01.png.transform/1col/image.png,16.0,16,18.0,,,,0 days 00:01:04.401000,Finished,0.0,19.0,33.2,36.6,21.6,2.4,False
2023,18,United States Grand Prix,Austin,S,2023-10-22,24,ZHO,zhou,Alfa Romeo,alfa,Guanyu,Zhou,https://www.formula1.com/content/dam/fom-website/drivers/G/GUAZHO01_Guanyu_Zhou/guazho01.png.transform/1col/image.png,17.0,17,15.0,,,,0 days 00:01:07.972000,Finished,0.0,19.0,33.2,36.6,21.6,2.4,False
2023,18,United States Grand Prix,Austin,S,2023-10-22,20,MAG,kevin_magnussen,Haas F1 Team,haas,Kevin,Magnussen,https://www.formula1.com/content/dam/fom-website/drivers/K/KEVMAG01_Kevin_Magnussen/kevmag01.png.transform/1col/image.png,18.0,18,17.0,,,,0 days 00:01:11.122000,Finished,0.0,19.0,33.2,36.6,21.6,2.4,False
2023,18,United States Grand Prix,Austin,S,2023-10-22,2,SAR,sargeant,Williams,williams,Logan,Sargeant,https://www.formula1.com/content/dam/fom-website/drivers/L/LOGSAR01_Logan_Sargeant/logsar01.png.transform/1col/image.png,19.0,19,20.0,,,,0 days 00:01:11.449000,Finished,0.0,19.0,33.2,36.6,21.6,2.4,False
2023,18,United States Grand Prix,Austin,S,2023-10-22,18,STR,stroll,Aston Martin,aston_martin,Lance,Stroll,https://www.formula1.com/content/dam/fom-website/drivers/L/LANSTR01_Lance_Stroll/lanstr01.png.transform/1col/image.png,20.0,R,14.0,,,,,Brakes,0.0,16.0,33.2,36.6,21.6,2.4,False
2023,20,São Paulo Grand Prix,São Paulo,S,2023-11-05,1,VER,max_verstappen,Red Bull Racing,red_bull,Max,Verstappen,https://www.formula1.com/content/dam/fom-website/drivers/M/MAXVER01_Max_Verstappen/maxver01.png.transform/1col/image.png,1.0,1,2.0,,,,0 days 00:30:07.209000,Finished,8.0,24.0,27.3,50.4,22.5,1.2,True
2023,20,São Paulo Grand Prix,São Paulo,S,2023-11-05,4,NOR,norris,McLaren,mclaren,Lando,Norris,https://www.formula1.com/content/dam/fom-website/drivers/L/LANNOR01_Lando_Norris/lannor01.png.transform/1col/image.png,2.0,2,1.0,,,,0 days 00:00:04.287000,Finished,7.0,24.0,27.3,50.4,22.5,1.2,True
2023,20,São Paulo Grand Prix,São Paulo,S,2023-11-05,11,PER,perez,Red Bull Racing,red_bull,Sergio,Perez,https://www.formula1.com/content/dam/fom-website/drivers/S/SERPER01_Sergio_Perez/serper01.png.transform/1col/image.png,3.0,3,3.0,,,,0 days 00:00:13.617000,Finished,6.0,24.0,27.3,50.4,22.5,1.2,True
2023,20,São Paulo Grand Prix,São Paulo,S,2023-11-05,63,RUS,russell,Mercedes,mercedes,George,Russell,https://www.formula1.com/content/dam/fom-website/drivers/G/GEORUS01_George_Russell/georus01.png.transform/1col/image.png,4.0,4,4.0,,,,0 days 00:00:25.879000,Finished,5.0,24.0,27.3,50.4,22.5,1.2,True
2023,20,São Paulo Grand Prix,São Paulo,S,2023-11-05,16,LEC,leclerc,Ferrari,ferrari,Charles,Leclerc,https://www.formula1.com/content/dam/fom-website/drivers/C/CHALEC01_Charles_Leclerc/chalec01.png.transform/1col/image.png,5.0,5,7.0,,,,0 days 00:00:28.560000,Finished,4.0,24.0,27.3,50.4,22.5,1.2,True
2023,20,São Paulo Grand Prix,São Paulo,S,2023-11-05,22,TSU,tsunoda,AlphaTauri,alphatauri,Yuki,Tsunoda,https://www.formula1.com/content/dam/fom-website/drivers/Y/YUKTSU01_Yuki_Tsunoda/yuktsu01.png.transform/1col/image.png,6.0,6,6.0,,,,0 days 00:00:29.210000,Finished,3.0,24.0,27.3,50.4,22.5,1.2,True
2023,20,São Paulo Grand Prix,São Paulo,S,2023-11-05,44,HAM,hamilton,Mercedes,mercedes,Lewis,Hamilton,https://www.formula1.com/content/dam/fom-website/drivers/L/LEWHAM01_Lewis_Hamilton/lewham01.png.transform/1col/image.png,7.0,7,5.0,,,,0 days 00:00:34.726000,Finished,2.0,24.0,27.3,50.4,22.5,1.2,True
2023,20,São Paulo Grand Prix,São Paulo,S,2023-11-05,55,SAI,sainz,Ferrari,ferrari,Carlos,Sainz,https://www.formula1.com/content/dam/fom-website/drivers/C/CARSAI01_Carlos_Sainz/carsai01.png.transform/1col/image.png,8.0,8,9.0,,,,0 days 00:00:35.106000,Finished,1.0,24.0,27.3,50.4,22.5,1.2,True
2023,20,São Paulo Grand Prix,São Paulo,S,2023-11-05,3,RIC,ricciardo,AlphaTauri,alphatauri,Daniel,Ricciardo,,9.0,9,8.0,,,,0 days 00:00:35.303000,Finished,0.0,24.0,27.3,50.4,22.5,1.2,True
2023,20,São Paulo Grand Prix,São Paulo,S,2023-11-05,81,PIA,piastri,McLaren,mclaren,Oscar,Piastri,https://www.formula1.com/content/dam/fom-website/drivers/O/OSCPIA01_Oscar_Piastri/oscpia01.png.transform/1col/image.png,10.0,10,10.0,,,,0 days 00:00:38.219000,Finished,0.0,24.0,27.3,50.4,22.5,1.2,True
2023,20,São Paulo Grand Prix,São Paulo,S,2023-11-05,14,ALO,alonso,Aston Martin,aston_martin,Fernando,Alonso,https://www.formula1.com/content/dam/fom-website/drivers/F/FERALO01_Fernando_Alonso/feralo01.png.transform/1col/image.png,11.0,11,15.0,,,,0 days 00:00:39.061000,Finished,0.0,24.0,27.3,50.4,22.5,1.2,True
2023,20,São Paulo Grand Prix,São Paulo,S,2023-11-05,18,STR,stroll,Aston Martin,aston_martin,Lance,Stroll,https://www.formula1.com/content/dam/fom-website/drivers/L/LANSTR01_Lance_Stroll/lanstr01.png.transform/1col/image.png,12.0,12,17.0,,,,0 days 00:00:39.478000,Finished,0.0,24.0,27.3,50.4,22.5,1.2,True
2023,20,São Paulo Grand Prix,São Paulo,S,2023-11-05,10,GAS,gasly,Alpine,alpine,Pierre,Gasly,https://www.formula1.com/content/dam/fom-website/drivers/P/PIEGAS01_Pierre_Gasly/piegas01.png.transform/1col/image.png,13.0,13,13.0,,,,0 days 00:00:40.621000,Finished,0.0,24.0,27.3,50.4,22.5,1.2,True
2023,20,São Paulo Grand Prix,São Paulo,S,2023-11-05,31,OCO,ocon,Alpine,alpine,Esteban,Ocon,https://www.formula1.com/content/dam/fom-website/drivers/E/ESTOCO01_Esteban_Ocon/estoco01.png.transform/1col/image.png,14.0,14,16.0,,,,0 days 00:00:42.848000,Finished,0.0,24.0,27.3,50.4,22.5,1.2,True
2023,20,São Paulo Grand Prix,São Paulo,S,2023-11-05,23,ALB,albon,Williams,williams,Alexander,Albon,https://www.formula1.com/content/dam/fom-website/drivers/A/ALEALB01_Alexander_Albon/alealb01.png.transform/1col/image.png,15.0,15,19.0,,,,0 days 00:00:43.394000,Finished,0.0,24.0,27.3,50.4,22.5,1.2,True
2023,20,São Paulo Grand Prix,São Paulo,S,2023-11-05,20,MAG,kevin_magnussen,Haas F1 Team,haas,Kevin,Magnussen,https://www.formula1.com/content/dam/fom-website/drivers/K/KEVMAG01_Kevin_Magnussen/kevmag01.png.transform/1col/image.png,16.0,16,11.0,,,,0 days 00:00:56.507000,Finished,0.0,24.0,27.3,50.4,22.5,1.2,True
2023,20,São Paulo Grand Prix,São Paulo,S,2023-11-05,24,ZHO,zhou,Alfa Romeo,alfa,Guanyu,Zhou,https://www.formula1.com/content/dam/fom-website/drivers/G/GUAZHO01_Guanyu_Zhou/guazho01.png.transform/1col/image.png,17.0,17,18.0,,,,0 days 00:00:58.723000,Finished,0.0,24.0,27.3,50.4,22.5,1.2,True
2023,20,São Paulo Grand Prix,São Paulo,S,2023-11-05,27,HUL,hulkenberg,Haas F1 Team,haas,Nico,Hulkenberg,https://www.formula1.com/content/dam/fom-website/drivers/N/NICHUL01_Nico_Hulkenberg/nichul01.png.transform/1col/image.png,18.0,18,12.0,,,,0 days 00:01:00.330000,Finished,0.0,24.0,27.3,50.4,22.5,1.2,True
2023,20,São Paulo Grand Prix,São Paulo,S,2023-11-05,77,BOT,bottas,Alfa Romeo,alfa,Valtteri,Bottas,https://www.formula1.com/content/dam/fom-website/drivers/V/VALBOT01_Valtteri_Bottas/valbot01.png.transform/1col/image.png,19.0,19,14.0,,,,0 days 00:01:00.749000,Finished,0.0,24.0,27.3,50.4,22.5,1.2,True
2023,20,São Paulo Grand Prix,São Paulo,S,2023-11-05,2,SAR,sargeant,Williams,williams,Logan,Sargeant,https://www.formula1.com/content/dam/fom-website/drivers/L/LOGSAR01_Logan_Sargeant/logsar01.png.transform/1col/image.png,20.0,20,20.0,,,,0 days 00:01:00.945000,Finished,0.0,24.0,27.3,50.4,22.5,1.2,True
2024,5,Chinese Grand Prix,Shanghai,S,2024-04-21,1,VER,max_verstappen,Red Bull Racing,red_bull,Max,Verstappen,https://media.formula1.com/d_driver_fallback_image.png/content/dam/fom-website/drivers/M/MAXVER01_Max_Verstappen/maxver01.png.transform/1col/image.png,1.0,1,4.0,,,,0 days 00:32:04.660000,Finished,8.0,19.0,19.8,27.0,69.5,2.6,False
2024,5,Chinese Grand Prix,Shanghai,S,2024-04-21,44,HAM,hamilton,Mercedes,mercedes,Lewis,Hamilton,https://media.formula1.com/d_driver_fallback_image.png/content/dam/fom-website/drivers/L/LEWHAM01_Lewis_Hamilton/lewham01.png.transform/1col/image.png,2.0,2,2.0,,,,0 days 00:00:13.043000,Finished,7.0,19.0,19.8,27.0,69.5,2.6,False
2024,5,Chinese Grand Prix,Shanghai,S,2024-04-21,11,PER,perez,Red Bull Racing,red_bull,Sergio,Perez,https://media.formula1.com/d_driver_fallback_image.png/content/dam/fom-website/drivers/S/SERPER01_Sergio_Perez/serper01.png.transform/1col/image.png,3.0,3,6.0,,,,0 days 00:00:15.258000,Finished,6.0,19.0,19.8,27.0,69.5,2.6,False
2024,5,Chinese Grand Prix,Shanghai,S,2024-04-21,16,LEC,leclerc,Ferrari,ferrari,Charles,Leclerc,https://media.formula1.com/d_driver_fallback_image.png/content/dam/fom-website/drivers/C/CHALEC01_Charles_Leclerc/chalec01.png.transform/1col/image.png,4.0,4,7.0,,,,0 days 00:00:17.486000,Finished,5.0,19.0,19.8,27.0,69.5,2.6,False
2024,5,Chinese Grand Prix,Shanghai,S,2024-04-21,55,SAI,sainz,Ferrari,ferrari,Carlos,Sainz,https://media.formula1.com/d_driver_fallback_image.png/content/dam/fom-website/drivers/C/CARSAI01_Carlos_Sainz/carsai01.png.transform/1col/image.png,5.0,5,5.0,,,,0 days 00:00:20.696000,Finished,4.0,19.0,19.8,27.0,69.5,2.6,False
2024,5,Chinese Grand Prix,Shanghai,S,2024-04-21,4,NOR,norris,McLaren,mclaren,Lando,Norris,https://media.formula1.com/d_driver_fallback_image.png/content/dam/fom-website/drivers/L/LANNOR01_Lando_Norris/lannor01.png.transform/1col/image.png,6.0,6,1.0,,,,0 days 00:00:22.088000,Finished,3.0,19.0,19.8,27.0,69.5,2.6,False
2024,5,Chinese Grand Prix,Shanghai,S,2024-04-21,81,PIA,piastri,McLaren,mclaren,Oscar,Piastri,https://media.formula1.com/d_driver_fallback_image.png/content/dam/fom-website/drivers/O/OSCPIA01_Oscar_Piastri/oscpia01.png.transform/1col/image.png,7.0,7,8.0,,,,0 days 00:00:24.713000,Finished,2.0,19.0,19.8,27.0,69.5,2.6,False
2024,5,Chinese Grand Prix,Shanghai,S,2024-04-21,63,RUS,russell,Mercedes,mercedes,George,Russell,https://media.formula1.com/d_driver_fallback_image.png/content/dam/fom-website/drivers/G/GEORUS01_George_Russell/georus01.png.transform/1col/image.png,8.0,8,11.0,,,,0 days 00:00:25.696000,Finished,1.0,19.0,19.8,27.0,69.5,2.6,False
2024,5,Chinese Grand Prix,Shanghai,S,2024-04-21,24,ZHO,zhou,Kick Sauber,sauber,Guanyu,Zhou,https://media.formula1.com/d_driver_fallback_image.png/content/dam/fom-website/drivers/G/GUAZHO01_Guanyu_Zhou/guazho01.png.transform/1col/image.png,9.0,9,10.0,,,,0 days 00:00:31.951000,Finished,0.0,19.0,19.8,27.0,69.5,2.6,False
2024,5,Chinese Grand Prix,Shanghai,S,2024-04-21,20,MAG,kevin_magnussen,Haas F1 Team,haas,Kevin,Magnussen,https://media.formula1.com/d_driver_fallback_image.png/content/dam/fom-website/drivers/K/KEVMAG01_Kevin_Magnussen/kevmag01.png.transform/1col/image.png,10.0,10,12.0,,,,0 days 00:00:37.398000,Finished,0.0,19.0,19.8,27.0,69.5,2.6,False
2024,5,Chinese Grand Prix,Shanghai,S,2024-04-21,3,RIC,ricciardo,RB,rb,Daniel,Ricciardo,https://media.formula1.com/d_driver_fallback_image.png/content/dam/fom-website/drivers/D/DANRIC01_Daniel_Ricciardo/danric01.png.transform/1col/image.png,11.0,11,14.0,,,,0 days 00:00:37.840000,Finished,0.0,19.0,19.8,27.0,69.5,2.6,False
2024,5,Chinese Grand Prix,Shanghai,S,2024-04-21,77,BOT,bottas,Kick Sauber,sauber,Valtteri,Bottas,https://media.formula1.com/d_driver_fallback_image.png/content/dam/fom-website/drivers/V/VALBOT01_Valtteri_Bottas/valbot01.png.transform/1col/image.png,12.0,12,9.0,,,,0 days 00:00:38.295000,Finished,0.0,19.0,19.8,27.0,69.5,2.6,False
2024,5,Chinese Grand Prix,Shanghai,S,2024-04-21,31,OCO,ocon,Alpine,alpine,Esteban,Ocon,https://media.formula1.com/d_driver_fallback_image.png/content/dam/fom-website/drivers/E/ESTOCO01_Esteban_Ocon/estoco01.png.transform/1col/image.png,13.0,13,17.0,,,,0 days 00:00:39.841000,Finished,0.0,19.0,19.8,27.0,69.5,2.6,False
2024,5,Chinese Grand Prix,Shanghai,S,2024-04-21,18,STR,stroll,Aston Martin,aston_martin,Lance,Stroll,https://media.formula1.com/d_driver_fallback_image.png/content/dam/fom-website/drivers/L/LANSTR01_Lance_Stroll/lanstr01.png.transform/1col/image.png,14.0,14,15.0,,,,0 days 00:00:40.299000,Finished,0.0,19.0,19.8,27.0,69.5,2.6,False
2024,5,Chinese Grand Prix,Shanghai,S,2024-04-21,10,GAS,gasly,Alpine,alpine,Pierre,Gasly,https://media.formula1.com/d_driver_fallback_image.png/content/dam/fom-website/drivers/P/PIEGAS01_Pierre_Gasly/piegas01.png.transform/1col/image.png,15.0,15,16.0,,,,0 days 00:00:40.838000,Finished,0.0,19.0,19.8,27.0,69.5,2.6,False
2024,5,Chinese Grand Prix,Shanghai,S,2024-04-21,22,TSU,tsunoda,RB,rb,Yuki,Tsunoda,https://media.formula1.com/d_driver_fallback_image.png/content/dam/fom-website/drivers/Y/YUKTSU01_Yuki_Tsunoda/yuktsu01.png.transform/1col/image.png,16.0,16,19.0,,,,0 days 00:00:41.870000,Finished,0.0,19.0,19.8,27.0,69.5,2.6,False
2024,5,Chinese Grand Prix,Shanghai,S,2024-04-21,23,ALB,albon,Williams,williams,Alexander,Albon,https://media.formula1.com/d_driver_fallback_image.png/content/dam/fom-website/drivers/A/ALEALB01_Alexander_Albon/alealb01.png.transform/1col/image.png,17.0,17,18.0,,,,0 days 00:00:42.998000,Finished,0.0,19.0,19.8,27.0,69.5,2.6,False
2024,5,Chinese Grand Prix,Shanghai,S,2024-04-21,2,SAR,sargeant,Williams,williams,Logan,Sargeant,https://media.formula1.com/d_driver_fallback_image.png/content/dam/fom-website/drivers/L/LOGSAR01_Logan_Sargeant/logsar01.png.transform/1col/image.png,18.0,18,20.0,,,,0 days 00:00:46.352000,Finished,0.0,19.0,19.8,27.0,69.5,2.6,False
2024,5,Chinese Grand Prix,Shanghai,S,2024-04-21,27,HUL,hulkenberg,Haas F1 Team,haas,Nico,Hulkenberg,https://media.formula1.com/d_driver_fallback_image.png/content/dam/fom-website/drivers/N/NICHUL01_Nico_Hulkenberg/nichul01.png.transform/1col/image.png,19.0,19,13.0,,,,0 days 00:00:49.630000,Finished,0.0,19.0,19.8,27.0,69.5,2.6,False
2024,5,Chinese Grand Prix,Shanghai,S,2024-04-21,14,ALO,alonso,Aston Martin,aston_martin,Fernando,Alonso,https://media.formula1.com/d_driver_fallback_image.png/content/dam/fom-website/drivers/F/FERALO01_Fernando_Alonso/feralo01.png.transform/1col/image.png,20.0,20,3.0,,,,,Retired,0.0,17.0,19.8,27.0,69.5,2.6,False
2024,6,Miami Grand Prix,Miami,S,2024-05-05,1,VER,max_verstappen,Red Bull Racing,red_bull,Max,Verstappen,https://media.formula1.com/d_driver_fallback_image.png/content/dam/fom-website/drivers/M/MAXVER01_Max_Verstappen/maxver01.png.transform/1col/image.png,1.0,1,1.0,,,,0 days 00:31:31.383000,Finished,8.0,19.0,28.7,44.8,56.0,3.1,False
2024,6,Miami Grand Prix,Miami,S,2024-05-05,16,LEC,leclerc,Ferrari,ferrari,Charles,Leclerc,https://media.formula1.com/d_driver_fallback_image.png/content/dam/fom-website/drivers/C/CHALEC01_Charles_Leclerc/chalec01.png.transform/1col/image.png,2.0,2,2.0,,,,0 days 00:00:03.371000,Finished,7.0,19.0,28.7,44.8,56.0,3.1,False
2024,6,Miami Grand Prix,Miami,S,2024-05-05,11,PER,perez,Red Bull Racing,red_bull,Sergio,Perez,https://media.formula1.com/d_driver_fallback_image.png/content/dam/fom-website/drivers/S/SERPER01_Sergio_Perez/serper01.png.transform/1col/image.png,3.0,3,3.0,,,,0 days 00:00:05.095000,Finished,6.0,19.0,28.7,44.8,56.0,3.1,False
2024,6,Miami Grand Prix,Miami,S,2024-05-05,3,RIC,ricciardo,RB,rb,Daniel,Ricciardo,https://media.formula1.com/d_driver_fallback_image.png/content/dam/fom-website/drivers/D/DANRIC01_Daniel_Ricciardo/danric01.png.transform/1col/image.png,4.0,4,4.0,,,,0 days 00:00:14.971000,Finished,5.0,19.0,28.7,44.8,56.0,3.1,False
2024,6,Miami Grand Prix,Miami,S,2024-05-05,55,SAI,sainz,Ferrari,ferrari,Carlos,Sainz,https://media.formula1.com/d_driver_fallback_image.png/content/dam/fom-website/drivers/C/CARSAI01_Carlos_Sainz/carsai01.png.transform/1col/image.png,5.0,5,5.0,,,,0 days 00:00:15.222000,Finished,4.0,19.0,28.7,44.8,56.0,3.1,False
2024,6,Miami Grand Prix,Miami,S,2024-05-05,81,PIA,piastri,McLaren,mclaren,Oscar,Piastri,https://media.formula1.com/d_driver_fallback_image.png/content/dam/fom-website/drivers/O/OSCPIA01_Oscar_Piastri/oscpia01.png.transform/1col/image.png,6.0,6,6.0,,,,0 days 00:00:15.750000,Finished,3.0,19.0,28.7,44.8,56.0,3.1,False
2024,6,Miami Grand Prix,Miami,S,2024-05-05,27,HUL,hulkenberg,Haas F1 Team,haas,Nico,Hulkenberg,https://media.formula1.com/d_driver_fallback_image.png/content/dam/fom-website/drivers/N/NICHUL01_Nico_Hulkenberg/nichul01.png.transform/1col/image.png,7.0,7,10.0,,,,0 days 00:00:22.054000,Finished,2.0,19.0,28.7,44.8,56.0,3.1,False
2024,6,Miami Grand Prix,Miami,S,2024-05-05,22,TSU,tsunoda,RB,rb,Yuki,Tsunoda,https://media.formula1.com/d_driver_fallback_image.png/content/dam/fom-website/drivers/Y/YUKTSU01_Yuki_Tsunoda/yuktsu01.png.transform/1col/image.png,8.0,8,15.0,,,,0 days 00:00:29.816000,Finished,1.0,19.0,28.7,44.8,56.0,3.1,False
2024,6,Miami Grand Prix,Miami,S,2024-05-05,10,GAS,gasly,Alpine,alpine,Pierre,Gasly,https://media.formula1.com/d_driver_fallback_image.png/content/dam/fom-website/drivers/P/PIEGAS01_Pierre_Gasly/piegas01.png.transform/1col/image.png,9.0,9,16.0,,,,0 days 00:00:31.880000,Finished,0.0,19.0,28.7,44.8,56.0,3.1,False
2024,6,Miami Grand Prix,Miami,S,2024-05-05,2,SAR,sargeant,Williams,williams,Logan,Sargeant,https://media.formula1.com/d_driver_fallback_image.png/content/dam/fom-website/drivers/L/LOGSAR01_Logan_Sargeant/logsar01.png.transform/1col/image.png,10.0,10,18.0,,,,0 days 00:00:34.355000,Finished,0.0,19.0,28.7,44.8,56.0,3.1,False
2024,6,Miami Grand Prix,Miami,S,2024-05-05,24,ZHO,zhou,Kick Sauber,sauber,Guanyu,Zhou,https://media.formula1.com/d_driver_fallback_image.png/content/dam/fom-website/drivers/G/GUAZHO01_Guanyu_Zhou/guazho01.png.transform/1col/image.png,11.0,11,17.0,,,,0 days 00:00:35.078000,Finished,0.0,19.0,28.7,44.8,56.0,3.1,False
2024,6,Miami Grand Prix,Miami,S,2024-05-05,63,RUS,russell,Mercedes,mercedes,George,Russell,https://media.formula1.com/d_driver_fallback_image.png/content/dam/fom-website/drivers/G/GEORUS01_George_Russell/georus01.png.transform/1col/image.png,12.0,12,11.0,,,,0 days 00:00:35.755000,Finished,0.0,19.0,28.7,44.8,56.0,3.1,False
2024,6,Miami Grand Prix,Miami,S,2024-05-05,23,ALB,albon,Williams,williams,Alexander,Albon,https://media.formula1.com/d_driver_fallback_image.png/content/dam/fom-website/drivers/A/ALEALB01_Alexander_Albon/alealb01.png.transform/1col/image.png,13.0,13,20.0,,,,0 days 00:00:36.086000,Finished,0.0,19.0,28.7,44.8,56.0,3.1,False
2024,6,Miami Grand Prix,Miami,S,2024-05-05,77,BOT,bottas,Kick Sauber,sauber,Valtteri,Bottas,https://media.formula1.com/d_driver_fallback_image.png/content/dam/fom-website/drivers/V/VALBOT01_Valtteri_Bottas/valbot01.png.transform/1col/image.png,14.0,14,19.0,,,,0 days 00:00:36.892000,Finished,0.0,19.0,28.7,44.8,56.0,3.1,False
2024,6,Miami Grand Prix,Miami,S,2024-05-05,31,OCO,ocon,Alpine,alpine,Esteban,Ocon,https://media.formula1.com/d_driver_fallback_image.png/content/dam/fom-website/drivers/E/ESTOCO01_Esteban_Ocon/estoco01.png.transform/1col/image.png,15.0,15,13.0,,,,0 days 00:00:37.740000,Finished,0.0,19.0,28.7,44.8,56.0,3.1,False
2024,6,Miami Grand Prix,Miami,S,2024-05-05,44,HAM,hamilton,Mercedes,mercedes,Lewis,Hamilton,https://media.formula1.com/d_driver_fallback_image.png/content/dam/fom-website/drivers/L/LEWHAM01_Lewis_Hamilton/lewham01.png.transform/1col/image.png,16.0,16,12.0,,,,0 days 00:00:49.347000,Finished,0.0,19.0,28.7,44.8,56.0,3.1,False
2024,6,Miami Grand Prix,Miami,S,2024-05-05,14,ALO,alonso,Aston Martin,aston_martin,Fernando,Alonso,https://media.formula1.com/d_driver_fallback_image.png/content/dam/fom-website/drivers/F/FERALO01_Fernando_Alonso/feralo01.png.transform/1col/image.png,17.0,17,8.0,,,,0 days 00:00:59.409000,Finished,0.0,19.0,28.7,44.8,56.0,3.1,False
2024,6,Miami Grand Prix,Miami,S,2024-05-05,20,MAG,kevin_magnussen,Haas F1 Team,haas,Kevin,Magnussen,https://media.formula1.com/d_driver_fallback_image.png/content/dam/fom-website/drivers/K/KEVMAG01_Kevin_Magnussen/kevmag01.png.transform/1col/image.png,18.0,18,14.0,,,,0 days 00:01:06.303000,Finished,0.0,19.0,28.7,44.8,56.0,3.1,False
2024,6,Miami Grand Prix,Miami,S,2024-05-05,18,STR,stroll,Aston Martin,aston_martin,Lance,Stroll,https://media.formula1.com/d_driver_fallback_image.png/content/dam/fom-website/drivers/L/LANSTR01_Lance_Stroll/lanstr01.png.transform/1col/image.png,19.0,R,7.0,,,,,Retired,0.0,1.0,28.7,44.8,56.0,3.1,False
2024,6,Miami Grand Prix,Miami,S,2024-05-05,4,NOR,norris,McLaren,mclaren,Lando,Norris,https://media.formula1.com/d_driver_fallback_image.png/content/dam/fom-website/drivers/L/LANNOR01_Lando_Norris/lannor01.png.transform/1col/image.png,20.0,R,9.0,,,,,Retired,0.0,0.0,28.7,44.8,56.0,3.1,False
2024,11,Austrian Grand Prix,Spielberg,S,2024-06-30,1,VER,max_verstappen,Red Bull Racing,red_bull,Max,Verstappen,https://media.formula1.com/d_driver_fallback_image.png/content/dam/fom-website/drivers/M/MAXVER01_Max_Verstappen/maxver01.png.transform/1col/image.png,1.0,1,1.0,,,,0 days 00:26:41.389000,Finished,8.0,23.0,28.2,42.7,47.4,1.0,False
2024,11,Austrian Grand Prix,Spielberg,S,2024-06-30,81,PIA,piastri,McLaren,mclaren,Oscar,Piastri,https://media.formula1.com/d_driver_fallback_image.png/content/dam/fom-website/drivers/O/OSCPIA01_Oscar_Piastri/oscpia01.png.transform/1col/image.png,2.0,2,3.0,,,,0 days 00:00:04.616000,Finished,7.0,23.0,28.2,42.7,47.4,1.0,False
2024,11,Austrian Grand Prix,Spielberg,S,2024-06-30,4,NOR,norris,McLaren,mclaren,Lando,Norris,https://media.formula1.com/d_driver_fallback_image.png/content/dam/fom-website/drivers/L/LANNOR01_Lando_Norris/lannor01.png.transform/1col/image.png,3.0,3,2.0,,,,0 days 00:00:05.348000,Finished,6.0,23.0,28.2,42.7,47.4,1.0,False
2024,11,Austrian Grand Prix,Spielberg,S,2024-06-30,63,RUS,russell,Mercedes,mercedes,George,Russell,https://media.formula1.com/d_driver_fallback_image.png/content/dam/fom-website/drivers/G/GEORUS01_George_Russell/georus01.png.transform/1col/image.png,4.0,4,4.0,,,,0 days 00:00:08.354000,Finished,5.0,23.0,28.2,42.7,47.4,1.0,False
2024,11,Austrian Grand Prix,Spielberg,S,2024-06-30,55,SAI,sainz,Ferrari,ferrari,Carlos,Sainz,https://media.formula1.com/d_driver_fallback_image.png/content/dam/fom-website/drivers/C/CARSAI01_Carlos_Sainz/carsai01.png.transform/1col/image.png,5.0,5,5.0,,,,0 days 00:00:09.989000,Finished,4.0,23.0,28.2,42.7,47.4,1.0,False
2024,11,Austrian Grand Prix,Spielberg,S,2024-06-30,44,HAM,hamilton,Mercedes,mercedes,Lewis,Hamilton,https://media.formula1.com/d_driver_fallback_image.png/content/dam/fom-website/drivers/L/LEWHAM01_Lewis_Hamilton/lewham01.png.transform/1col/image.png,6.0,6,6.0,,,,0 days 00:00:11.207000,Finished,3.0,23.0,28.2,42.7,47.4,1.0,False
2024,11,Austrian Grand Prix,Spielberg,S,2024-06-30,16,LEC,leclerc,Ferrari,ferrari,Charles,Leclerc,https://media.formula1.com/d_driver_fallback_image.png/content/dam/fom-website/drivers/C/CHALEC01_Charles_Leclerc/chalec01.png.transform/1col/image.png,7.0,7,10.0,,,,0 days 00:00:13.424000,Finished,2.0,23.0,28.2,42.7,47.4,1.0,False
2024,11,Austrian Grand Prix,Spielberg,S,2024-06-30,11,PER,perez,Red Bull Racing,red_bull,Sergio,Perez,https://media.formula1.com/d_driver_fallback_image.png/content/dam/fom-website/drivers/S/SERPER01_Sergio_Perez/serper01.png.transform/1col/image.png,8.0,8,7.0,,,,0 days 00:00:17.409000,Finished,1.0,23.0,28.2,42.7,47.4,1.0,False
2024,11,Austrian Grand Prix,Spielberg,S,2024-06-30,20,MAG,kevin_magnussen,Haas F1 Team,haas,Kevin,Magnussen,https://media.formula1.com/d_driver_fallback_image.png/content/dam/fom-website/drivers/K/KEVMAG01_Kevin_Magnussen/kevmag01.png.transform/1col/image.png,9.0,9,11.0,,,,0 days 00:00:24.067000,Finished,0.0,23.0,28.2,42.7,47.4,1.0,False
2024,11,Austrian Grand Prix,Spielberg,S,2024-06-30,18,STR,stroll,Aston Martin,aston_martin,Lance,Stroll,https://media.formula1.com/d_driver_fallback_image.png/content/dam/fom-website/drivers/L/LANSTR01_Lance_Stroll/lanstr01.png.transform/1col/image.png,10.0,10,12.0,,,,0 days 00:00:30.175000,Finished,0.0,23.0,28.2,42.7,47.4,1.0,False
2024,11,Austrian Grand Prix,Spielberg,S,2024-06-30,31,OCO,ocon,Alpine,alpine,Esteban,Ocon,https://media.formula1.com/d_driver_fallback_image.png/content/dam/fom-website/drivers/E/ESTOCO01_Esteban_Ocon/estoco01.png.transform/1col/image.png,11.0,11,8.0,,,,0 days 00:00:30.839000,Finished,0.0,23.0,28.2,42.7,47.4,1.0,False
2024,11,Austrian Grand Prix,Spielberg,S,2024-06-30,10,GAS,gasly,Alpine,alpine,Pierre,Gasly,https://media.formula1.com/d_driver_fallback_image.png/content/dam/fom-website/drivers/P/PIEGAS01_Pierre_Gasly/piegas01.png.transform/1col/image.png,12.0,12,9.0,,,,0 days 00:00:31.308000,Finished,0.0,23.0,28.2,42.7,47.4,1.0,False
2024,11,Austrian Grand Prix,Spielberg,S,2024-06-30,22,TSU,tsunoda,RB,rb,Yuki,Tsunoda,https://media.formula1.com/d_driver_fallback_image.png/content/dam/fom-website/drivers/Y/YUKTSU01_Yuki_Tsunoda/yuktsu01.png.transform/1col/image.png,13.0,13,14.0,,,,0 days 00:00:35.452000,Finished,0.0,23.0,28.2,42.7,47.4,1.0,False
2024,11,Austrian Grand Prix,Spielberg,S,2024-06-30,3,RIC,ricciardo,RB,rb,Daniel,Ricciardo,https://media.formula1.com/d_driver_fallback_image.png/content/dam/fom-website/drivers/D/DANRIC01_Daniel_Ricciardo/danric01.png.transform/1col/image.png,14.0,14,16.0,,,,0 days 00:00:39.397000,Finished,0.0,23.0,28.2,42.7,47.4,1.0,False
2024,11,Austrian Grand Prix,Spielberg,S,2024-06-30,14,ALO,alonso,Aston Martin,aston_martin,Fernando,Alonso,https://media.formula1.com/d_driver_fallback_image.png/content/dam/fom-website/drivers/F/FERALO01_Fernando_Alonso/feralo01.png.transform/1col/image.png,15.0,15,13.0,,,,0 days 00:00:43.155000,Finished,0.0,23.0,28.2,42.7,47.4,1.0,False
2024,11,Austrian Grand Prix,Spielberg,S,2024-06-30,2,SAR,sargeant,Williams,williams,Logan,Sargeant,https://media.formula1.com/d_driver_fallback_image.png/content/dam/fom-website/drivers/L/LOGSAR01_Logan_Sargeant/logsar01.png.transform/1col/image.png,16.0,16,15.0,,,,0 days 00:00:44.076000,Finished,0.0,23.0,28.2,42.7,47.4,1.0,False
2024,11,Austrian Grand Prix,Spielberg,S,2024-06-30,23,ALB,albon,Williams,williams,Alexander,Albon,https://media.formula1.com/d_driver_fallback_image.png/content/dam/fom-website/drivers/A/ALEALB01_Alexander_Albon/alealb01.png.transform/1col/image.png,17.0,17,20.0,,,,0 days 00:00:44.673000,Finished,0.0,23.0,28.2,42.7,47.4,1.0,False
2024,11,Austrian Grand Prix,Spielberg,S,2024-06-30,77,BOT,bottas,Kick Sauber,sauber,Valtteri,Bottas,https://media.formula1.com/d_driver_fallback_image.png/content/dam/fom-website/drivers/V/VALBOT01_Valtteri_Bottas/valbot01.png.transform/1col/image.png,18.0,18,18.0,,,,0 days 00:00:46.511000,Finished,0.0,23.0,28.2,42.7,47.4,1.0,False
2024,11,Austrian Grand Prix,Spielberg,S,2024-06-30,27,HUL,hulkenberg,Haas F1 Team,haas,Nico,Hulkenberg,https://media.formula1.com/d_driver_fallback_image.png/content/dam/fom-website/drivers/N/NICHUL01_Nico_Hulkenberg/nichul01.png.transform/1col/image.png,19.0,19,17.0,,,,0 days 00:00:48.423000,Finished,0.0,23.0,28.2,42.7,47.4,1.0,False
2024,11,Austrian Grand Prix,Spielberg,S,2024-06-30,24,ZHO,zhou,Kick Sauber,sauber,Guanyu,Zhou,https://media.formula1.com/d_driver_fallback_image.png/content/dam/fom-website/drivers/G/GUAZHO01_Guanyu_Zhou/guazho01.png.transform/1col/image.png,20.0,20,19.0,,,,0 days 00:00:53.143000,Finished,0.0,23.0,28.2,42.7,47.4,1.0,False
2024,19,United States Grand Prix,Austin,S,2024-10-20,1,VER,max_verstappen,Red Bull Racing,red_bull,Max,Verstappen,https://media.formula1.com/d_driver_fallback_image.png/content/dam/fom-website/drivers/M/MAXVER01_Max_Verstappen/maxver01.png.transform/1col/image.png,1.0,1,1.0,,,,0 days 00:31:06.146000,Finished,8.0,19.0,26.9,43.2,47.4,1.6,False
2024,19,United States Grand Prix,Austin,S,2024-10-20,55,SAI,sainz,Ferrari,ferrari,Carlos,Sainz,https://media.formula1.com/d_driver_fallback_image.png/content/dam/fom-website/drivers/C/CARSAI01_Carlos_Sainz/carsai01.png.transform/1col/image.png,2.0,2,5.0,,,,0 days 00:00:03.882000,Finished,7.0,19.0,26.9,43.2,47.4,1.6,False
2024,19,United States Grand Prix,Austin,S,2024-10-20,4,NOR,norris,McLaren,mclaren,Lando,Norris,https://media.formula1.com/d_driver_fallback_image.png/content/dam/fom-website/drivers/L/LANNOR01_Lando_Norris/lannor01.png.transform/1col/image.png,3.0,3,4.0,,,,0 days 00:00:06.240000,Finished,6.0,19.0,26.9,43.2,47.4,1.6,False
2024,19,United States Grand Prix,Austin,S,2024-10-20,16,LEC,leclerc,Ferrari,ferrari,Charles,Leclerc,https://media.formula1.com/d_driver_fallback_image.png/content/dam/fom-website/drivers/C/CHALEC01_Charles_Leclerc/chalec01.png.transform/1col/image.png,4.0,4,3.0,,,,0 days 00:00:06.956000,Finished,5.0,19.0,26.9,43.2,47.4,1.6,False
2024,19,United States Grand Prix,Austin,S,2024-10-20,63,RUS,russell,Mercedes,mercedes,George,Russell,https://media.formula1.com/d_driver_fallback_image.png/content/dam/fom-website/drivers/G/GEORUS01_George_Russell/georus01.png.transform/1col/image.png,5.0,5,2.0,,,,0 days 00:00:15.766000,Finished,4.0,19.0,26.9,43.2,47.4,1.6,False
2024,19,United States Grand Prix,Austin,S,2024-10-20,44,HAM,hamilton,Mercedes,mercedes,Lewis,Hamilton,https://media.formula1.com/d_driver_fallback_image.png/content/dam/fom-website/drivers/L/LEWHAM01_Lewis_Hamilton/lewham01.png.transform/1col/image.png,6.0,6,7.0,,,,0 days 00:00:18.724000,Finished,3.0,19.0,26.9,43.2,47.4,1.6,False
2024,19,United States Grand Prix,Austin,S,2024-10-20,20,MAG,kevin_magnussen,Haas F1 Team,haas,Kevin,Magnussen,https://media.formula1.com/d_driver_fallback_image.png/content/dam/fom-website/drivers/K/KEVMAG01_Kevin_Magnussen/kevmag01.png.transform/1col/image.png,7.0,7,8.0,,,,0 days 00:00:25.161000,Finished,2.0,19.0,26.9,43.2,47.4,1.6,False
2024,19,United States Grand Prix,Austin,S,2024-10-20,27,HUL,hulkenberg,Haas F1 Team,haas,Nico,Hulkenberg,https://media.formula1.com/d_driver_fallback_image.png/content/dam/fom-website/drivers/N/NICHUL01_Nico_Hulkenberg/nichul01.png.transform/1col/image.png,8.0,8,6.0,,,,0 days 00:00:26.588000,Finished,1.0,19.0,26.9,43.2,47.4,1.6,False
2024,19,United States Grand Prix,Austin,S,2024-10-20,11,PER,perez,Red Bull Racing,red_bull,Sergio,Perez,https://media.formula1.com/d_driver_fallback_image.png/content/dam/fom-website/drivers/S/SERPER01_Sergio_Perez/serper01.png.transform/1col/image.png,9.0,9,11.0,,,,0 days 00:00:29.950000,Finished,0.0,19.0,26.9,43.2,47.4,1.6,False
2024,19,United States Grand Prix,Austin,S,2024-10-20,81,PIA,piastri,McLaren,mclaren,Oscar,Piastri,https://media.formula1.com/d_driver_fallback_image.png/content/dam/fom-website/drivers/O/OSCPIA01_Oscar_Piastri/oscpia01.png.transform/1col/image.png,10.0,10,16.0,,,,0 days 00:00:37.059000,Finished,0.0,19.0,26.9,43.2,47.4,1.6,False
2024,19,United States Grand Prix,Austin,S,2024-10-20,22,TSU,tsunoda,RB,rb,Yuki,Tsunoda,https://media.formula1.com/d_driver_fallback_image.png/content/dam/fom-website/drivers/Y/YUKTSU01_Yuki_Tsunoda/yuktsu01.png.transform/1col/image.png,11.0,11,9.0,,,,0 days 00:00:38.363000,Finished,0.0,19.0,26.9,43.2,47.4,1.6,False
2024,19,United States Grand Prix,Austin,S,2024-10-20,43,COL,colapinto,Williams,williams,Franco,Colapinto,,12.0,12,10.0,,,,0 days 00:00:39.460000,Finished,0.0,19.0,26.9,43.2,47.4,1.6,False
2024,19,United States Grand Prix,Austin,S,2024-10-20,18,STR,stroll,Aston Martin,aston_martin,Lance,Stroll,https://media.formula1.com/d_driver_fallback_image.png/content/dam/fom-website/drivers/L/LANSTR01_Lance_Stroll/lanstr01.png.transform/1col/image.png,13.0,13,13.0,,,,0 days 00:00:41.236000,Finished,0.0,19.0,26.9,43.2,47.4,1.6,False
2024,19,United States Grand Prix,Austin,S,2024-10-20,10,GAS,gasly,Alpine,alpine,Pierre,Gasly,https://media.formula1.com/d_driver_fallback_image.png/content/dam/fom-website/drivers/P/PIEGAS01_Pierre_Gasly/piegas01.png.transform/1col/image.png,14.0,14,12.0,,,,0 days 00:00:41.995000,Finished,0.0,19.0,26.9,43.2,47.4,1.6,False
2024,19,United States Grand Prix,Austin,S,2024-10-20,31,OCO,ocon,Alpine,alpine,Esteban,Ocon,https://media.formula1.com/d_driver_fallback_image.png/content/dam/fom-website/drivers/E/ESTOCO01_Esteban_Ocon/estoco01.png.transform/1col/image.png,15.0,15,17.0,,,,0 days 00:00:42.804000,Finished,0.0,19.0,26.9,43.2,47.4,1.6,False
2024,19,United States Grand Prix,Austin,S,2024-10-20,30,LAW,lawson,RB,rb,Liam,Lawson,,16.0,16,15.0,,,,0 days 00:00:44.008000,Finished,0.0,19.0,26.9,43.2,47.4,1.6,False
2024,19,United States Grand Prix,Austin,S,2024-10-20,23,ALB,albon,Williams,williams,Alexander,Albon,https://media.formula1.com/d_driver_fallback_image.png/content/dam/fom-website/drivers/A/ALEALB01_Alexander_Albon/alealb01.png.transform/1col/image.png,17.0,17,20.0,,,,0 days 00:00:44.564000,Finished,0.0,19.0,26.9,43.2,47.4,1.6,False
2024,19,United States Grand Prix,Austin,S,2024-10-20,14,ALO,alonso,Aston Martin,aston_martin,Fernando,Alonso,https://media.formula1.com/d_driver_fallback_image.png/content/dam/fom-website/drivers/F/FERALO01_Fernando_Alonso/feralo01.png.transform/1col/image.png,18.0,18,14.0,,,,0 days 00:00:46.807000,Finished,0.0,19.0,26.9,43.2,47.4,1.6,False
2024,19,United States Grand Prix,Austin,S,2024-10-20,24,ZHO,zhou,Kick Sauber,sauber,Guanyu,Zhou,https://media.formula1.com/d_driver_fallback_image.png/content/dam/fom-website/drivers/G/GUAZHO01_Guanyu_Zhou/guazho01.png.transform/1col/image.png,19.0,19,19.0,,,,0 days 00:00:52.842000,Finished,0.0,19.0,26.9,43.2,47.4,1.6,False
2024,19,United States Grand Prix,Austin,S,2024-10-20,77,BOT,bottas,Kick Sauber,sauber,Valtteri,Bottas,https://media.formula1.com/d_driver_fallback_image.png/content/dam/fom-website/drivers/V/VALBOT01_Valtteri_Bottas/valbot01.png.transform/1col/image.png,20.0,20,18.0,,,,0 days 00:00:54.476000,Finished,0.0,19.0,26.9,43.2,47.4,1.6,False
2024,21,São Paulo Grand Prix,São Paulo,S,2024-11-03,4,NOR,norris,McLaren,mclaren,Lando,Norris,https://media.formula1.com/d_driver_fallback_image.png/content/dam/fom-website/drivers/L/LANNOR01_Lando_Norris/lannor01.png.transform/1col/image.png,1.0,1,2.0,,,,0 days 00:29:46.045000,Finished,8.0,24.0,28.1,45.9,49.4,1.7,True
2024,21,São Paulo Grand Prix,São Paulo,S,2024-11-03,81,PIA,piastri,McLaren,mclaren,Oscar,Piastri,https://media.formula1.com/d_driver_fallback_image.png/content/dam/fom-website/drivers/O/OSCPIA01_Oscar_Piastri/oscpia01.png.transform/1col/image.png,2.0,2,1.0,,,,0 days 00:00:00.593000,Finished,7.0,24.0,28.1,45.9,49.4,1.7,True
2024,21,São Paulo Grand Prix,São Paulo,S,2024-11-03,16,LEC,leclerc,Ferrari,ferrari,Charles,Leclerc,https://media.formula1.com/d_driver_fallback_image.png/content/dam/fom-website/drivers/C/CHALEC01_Charles_Leclerc/chalec01.png.transform/1col/image.png,3.0,3,3.0,,,,0 days 00:00:05.656000,Finished,6.0,24.0,28.1,45.9,49.4,1.7,True
2024,21,São Paulo Grand Prix,São Paulo,S,2024-11-03,1,VER,max_verstappen,Red Bull Racing,red_bull,Max,Verstappen,https://media.formula1.com/d_driver_fallback_image.png/content/dam/fom-website/drivers/M/MAXVER01_Max_Verstappen/maxver01.png.transform/1col/image.png,4.0,4,4.0,,,,0 days 00:00:06.497000,Finished,5.0,24.0,28.1,45.9,49.4,1.7,True
2024,21,São Paulo Grand Prix,São Paulo,S,2024-11-03,55,SAI,sainz,Ferrari,ferrari,Carlos,Sainz,https://media.formula1.com/d_driver_fallback_image.png/content/dam/fom-website/drivers/C/CARSAI01_Carlos_Sainz/carsai01.png.transform/1col/image.png,5.0,5,5.0,,,,0 days 00:00:07.224000,Finished,4.0,24.0,28.1,45.9,49.4,1.7,True
2024,21,São Paulo Grand Prix,São Paulo,S,2024-11-03,63,RUS,russell,Mercedes,mercedes,George,Russell,https://media.formula1.com/d_driver_fallback_image.png/content/dam/fom-website/drivers/G/GEORUS01_George_Russell/georus01.png.transform/1col/image.png,6.0,6,6.0,,,,0 days 00:00:12.475000,Finished,3.0,24.0,28.1,45.9,49.4,1.7,True
2024,21,São Paulo Grand Prix,São Paulo,S,2024-11-03,10,GAS,gasly,Alpine,alpine,Pierre,Gasly,https://media.formula1.com/d_driver_fallback_image.png/content/dam/fom-website/drivers/P/PIEGAS01_Pierre_Gasly/piegas01.png.transform/1col/image.png,7.0,7,7.0,,,,0 days 00:00:18.161000,Finished,2.0,24.0,28.1,45.9,49.4,1.7,True
2024,21,São Paulo Grand Prix,São Paulo,S,2024-11-03,11,PER,perez,Red Bull Racing,red_bull,Sergio,Perez,https://media.formula1.com/d_driver_fallback_image.png/content/dam/fom-website/drivers/S/SERPER01_Sergio_Perez/serper01.png.transform/1col/image.png,8.0,8,13.0,,,,0 days 00:00:18.717000,Finished,1.0,24.0,28.1,45.9,49.4,1.7,True
2024,21,São Paulo Grand Prix,São Paulo,S,2024-11-03,30,LAW,lawson,RB,rb,Liam,Lawson,,9.0,9,8.0,,,,0 days 00:00:20.773000,Finished,0.0,24.0,28.1,45.9,49.4,1.7,True
2024,21,São Paulo Grand Prix,São Paulo,S,2024-11-03,23,ALB,albon,Williams,williams,Alexander,Albon,https://media.formula1.com/d_driver_fallback_image.png/content/dam/fom-website/drivers/A/ALEALB01_Alexander_Albon/alealb01.png.transform/1col/image.png,10.0,10,9.0,,,,0 days 00:00:24.606000,Finished,0.0,24.0,28.1,45.9,49.4,1.7,True
2024,21,São Paulo Grand Prix,São Paulo,S,2024-11-03,44,HAM,hamilton,Mercedes,mercedes,Lewis,Hamilton,https://media.formula1.com/d_driver_fallback_image.png/content/dam/fom-website/drivers/L/LEWHAM01_Lewis_Hamilton/lewham01.png.transform/1col/image.png,11.0,11,11.0,,,,0 days 00:00:29.764000,Finished,0.0,24.0,28.1,45.9,49.4,1.7,True
2024,21,São Paulo Grand Prix,São Paulo,S,2024-11-03,43,COL,colapinto,Williams,williams,Franco,Colapinto,,12.0,12,14.0,,,,0 days 00:00:33.233000,Finished,0.0,24.0,28.1,45.9,49.4,1.7,True
2024,21,São Paulo Grand Prix,São Paulo,S,2024-11-03,31,OCO,ocon,Alpine,alpine,Esteban,Ocon,https://media.formula1.com/d_driver_fallback_image.png/content/dam/fom-website/drivers/E/ESTOCO01_Esteban_Ocon/estoco01.png.transform/1col/image.png,13.0,13,16.0,,,,0 days 00:00:34.128000,Finished,0.0,24.0,28.1,45.9,49.4,1.7,True
2024,21,São Paulo Grand Prix,São Paulo,S,2024-11-03,50,BEA,bearman,Haas F1 Team,haas,Oliver,Bearman,,14.0,14,10.0,,,,0 days 00:00:35.507000,Finished,0.0,24.0,28.1,45.9,49.4,1.7,True
2024,21,São Paulo Grand Prix,São Paulo,S,2024-11-03,22,TSU,tsunoda,RB,rb,Yuki,Tsunoda,https://media.formula1.com/d_driver_fallback_image.png/content/dam/fom-website/drivers/Y/YUKTSU01_Yuki_Tsunoda/yuktsu01.png.transform/1col/image.png,15.0,15,17.0,,,,0 days 00:00:41.374000,Finished,0.0,24.0,28.1,45.9,49.4,1.7,True
2024,21,São Paulo Grand Prix,São Paulo,S,2024-11-03,77,BOT,bottas,Kick Sauber,sauber,Valtteri,Bottas,https://media.formula1.com/d_driver_fallback_image.png/content/dam/fom-website/drivers/V/VALBOT01_Valtteri_Bottas/valbot01.png.transform/1col/image.png,16.0,16,15.0,,,,0 days 00:00:43.231000,Finished,0.0,24.0,28.1,45.9,49.4,1.7,True
2024,21,São Paulo Grand Prix,São Paulo,S,2024-11-03,24,ZHO,zhou,Kick Sauber,sauber,Guanyu,Zhou,https://media.formula1.com/d_driver_fallback_image.png/content/dam/fom-website/drivers/G/GUAZHO01_Guanyu_Zhou/guazho01.png.transform/1col/image.png,17.0,17,20.0,,,,0 days 00:00:54.139000,Finished,0.0,24.0,28.1,45.9,49.4,1.7,True
2024,21,São Paulo Grand Prix,São Paulo,S,2024-11-03,14,ALO,alonso,Aston Martin,aston_martin,Fernando,Alonso,https://media.formula1.com/d_driver_fallback_image.png/content/dam/fom-website/drivers/F/FERALO01_Fernando_Alonso/feralo01.png.transform/1col/image.png,18.0,18,18.0,,,,0 days 00:00:56.537000,Finished,0.0,24.0,28.1,45.9,49.4,1.7,True
2024,21,São Paulo Grand Prix,São Paulo,S,2024-11-03,18,STR,stroll,Aston Martin,aston_martin,Lance,Stroll,https://media.formula1.com/d_driver_fallback_image.png/content/dam/fom-website/drivers/L/LANSTR01_Lance_Stroll/lanstr01.png.transform/1col/image.png,19.0,19,19.0,,,,0 days 00:00:57.983000,Finished,0.0,24.0,28.1,45.9,49.4,1.7,True
2024,21,São Paulo Grand Prix,São Paulo,S,2024-11-03,27,HUL,hulkenberg,Haas F1 Team,haas,Nico,Hulkenberg,https://media.formula1.com/d_driver_fallback_image.png/content/dam/fom-website/drivers/N/NICHUL01_Nico_Hulkenberg/nichul01.png.transform/1col/image.png,20.0,R,12.0,,,,,Retired,0.0,19.0,28.1,45.9,49.4,1.7,True
2024,23,Qatar Grand Prix,Lusail,S,2024-12-01,81,PIA,piastri,McLaren,mclaren,Oscar,Piastri,https://media.formula1.com/d_driver_fallback_image.png/content/dam/fom-website/drivers/O/OSCPIA01_Oscar_Piastri/oscpia01.png.transform/1col/image.png,1.0,1,3.0,,,,0 days 00:27:03.010000,Finished,8.0,19.0,21.3,26.0,52.4,3.6,False
2024,23,Qatar Grand Prix,Lusail,S,2024-12-01,4,NOR,norris,McLaren,mclaren,Lando,Norris,https://media.formula1.com/d_driver_fallback_image.png/content/dam/fom-website/drivers/L/LANNOR01_Lando_Norris/lannor01.png.transform/1col/image.png,2.0,2,1.0,,,,0 days 00:00:00.136000,Finished,7.0,19.0,21.3,26.0,52.4,3.6,False
2024,23,Qatar Grand Prix,Lusail,S,2024-12-01,63,RUS,russell,Mercedes,mercedes,George,Russell,https://media.formula1.com/d_driver_fallback_image.png/content/dam/fom-website/drivers/G/GEORUS01_George_Russell/georus01.png.transform/1col/image.png,3.0,3,2.0,,,,0 days 00:00:00.410000,Finished,6.0,19.0,21.3,26.0,52.4,3.6,False
2024,23,Qatar Grand Prix,Lusail,S,2024-12-01,55,SAI,sainz,Ferrari,ferrari,Carlos,Sainz,https://media.formula1.com/d_driver_fallback_image.png/content/dam/fom-website/drivers/C/CARSAI01_Carlos_Sainz/carsai01.png.transform/1col/image.png,4.0,4,4.0,,,,0 days 00:00:01.326000,Finished,5.0,19.0,21.3,26.0,52.4,3.6,False
2024,23,Qatar Grand Prix,Lusail,S,2024-12-01,16,LEC,leclerc,Ferrari,ferrari,Charles,Leclerc,https://media.formula1.com/d_driver_fallback_image.png/content/dam/fom-website/drivers/C/CHALEC01_Charles_Leclerc/chalec01.png.transform/1col/image.png,5.0,5,5.0,,,,0 days 00:00:05.073000,Finished,4.0,19.0,21.3,26.0,52.4,3.6,False
2024,23,Qatar Grand Prix,Lusail,S,2024-12-01,44,HAM,hamilton,Mercedes,mercedes,Lewis,Hamilton,https://media.formula1.com/d_driver_fallback_image.png/content/dam/fom-website/drivers/L/LEWHAM01_Lewis_Hamilton/lewham01.png.transform/1col/image.png,6.0,6,7.0,,,,0 days 00:00:05.650000,Finished,3.0,19.0,21.3,26.0,52.4,3.6,False
2024,23,Qatar Grand Prix,Lusail,S,2024-12-01,27,HUL,hulkenberg,Haas F1 Team,haas,Nico,Hulkenberg,https://media.formula1.com/d_driver_fallback_image.png/content/dam/fom-website/drivers/N/NICHUL01_Nico_Hulkenberg/nichul01.png.transform/1col/image.png,7.0,7,9.0,,,,0 days 00:00:08.508000,Finished,2.0,19.0,21.3,26.0,52.4,3.6,False
2024,23,Qatar Grand Prix,Lusail,S,2024-12-01,1,VER,max_verstappen,Red Bull Racing,red_bull,Max,Verstappen,https://media.formula1.com/d_driver_fallback_image.png/content/dam/fom-website/drivers/M/MAXVER01_Max_Verstappen/maxver01.png.transform/1col/image.png,8.0,8,6.0,,,,0 days 00:00:10.368000,Finished,1.0,19.0,21.3,26.0,52.4,3.6,False
2024,23,Qatar Grand Prix,Lusail,S,2024-12-01,10,GAS,gasly,Alpine,alpine,Pierre,Gasly,https://media.formula1.com/d_driver_fallback_image.png/content/dam/fom-website/drivers/P/PIEGAS01_Pierre_Gasly/piegas01.png.transform/1col/image.png,9.0,9,8.0,,,,0 days 00:00:14.513000,Finished,0.0,19.0,21.3,26.0,52.4,3.6,False
2024,23,Qatar Grand Prix,Lusail,S,2024-12-01,20,MAG,kevin_magnussen,Haas F1 Team,haas,Kevin,Magnussen,https://media.formula1.com/d_driver_fallback_image.png/content/dam/fom-website/drivers/K/KEVMAG01_Kevin_Magnussen/kevmag01.png.transform/1col/image.png,10.0,10,15.0,,,,0 days 00:00:15.485000,Finished,0.0,19.0,21.3,26.0,52.4,3.6,False
2024,23,Qatar Grand Prix,Lusail,S,2024-12-01,14,ALO,alonso,Aston Martin,aston_martin,Fernando,Alonso,https://media.formula1.com/d_driver_fallback_image.png/content/dam/fom-website/drivers/F/FERALO01_Fernando_Alonso/feralo01.png.transform/1col/image.png,11.0,11,11.0,,,,0 days 00:00:19.204000,Finished,0.0,19.0,21.3,26.0,52.4,3.6,False
2024,23,Qatar Grand Prix,Lusail,S,2024-12-01,77,BOT,bottas,Kick Sauber,sauber,Valtteri,Bottas,https://media.formula1.com/d_driver_fallback_image.png/content/dam/fom-website/drivers/V/VALBOT01_Valtteri_Bottas/valbot01.png.transform/1col/image.png,12.0,12,13.0,,,,0 days 00:00:23.351000,Finished,0.0,19.0,21.3,26.0,52.4,3.6,False
2024,23,Qatar Grand Prix,Lusail,S,2024-12-01,18,STR,stroll,Aston Martin,aston_martin,Lance,Stroll,https://media.formula1.com/d_driver_fallback_image.png/content/dam/fom-website/drivers/L/LANSTR01_Lance_Stroll/lanstr01.png.transform/1col/image.png,13.0,13,14.0,,,,0 days 00:00:24.421000,Finished,0.0,19.0,21.3,26.0,52.4,3.6,False
2024,23,Qatar Grand Prix,Lusail,S,2024-12-01,31,OCO,ocon,Alpine,alpine,Esteban,Ocon,https://media.formula1.com/d_driver_fallback_image.png/content/dam/fom-website/drivers/E/ESTOCO01_Esteban_Ocon/estoco01.png.transform/1col/image.png,14.0,14,17.0,,,,0 days 00:00:30.379000,Finished,0.0,19.0,21.3,26.0,52.4,3.6,False
2024,23,Qatar Grand Prix,Lusail,S,2024-12-01,23,ALB,albon,Williams,williams,Alexander,Albon,https://media.formula1.com/d_driver_fallback_image.png/content/dam/fom-website/drivers/A/ALEALB01_Alexander_Albon/alealb01.png.transform/1col/image.png,15.0,15,12.0,,,,0 days 00:00:33.062000,Finished,0.0,19.0,21.3,26.0,52.4,3.6,False
2024,23,Qatar Grand Prix,Lusail,S,2024-12-01,30,LAW,lawson,RB,rb,Liam,Lawson,,16.0,16,10.0,,,,0 days 00:00:34.356000,Finished,0.0,19.0,21.3,26.0,52.4,3.6,False
2024,23,Qatar Grand Prix,Lusail,S,2024-12-01,22,TSU,tsunoda,RB,rb,Yuki,Tsunoda,https://media.formula1.com/d_driver_fallback_image.png/content/dam/fom-website/drivers/Y/YUKTSU01_Yuki_Tsunoda/yuktsu01.png.transform/1col/image.png,17.0,17,16.0,,,,0 days 00:00:35.102000,Finished,0.0,19.0,21.3,26.0,52.4,3.6,False
2024,23,Qatar Grand Prix,Lusail,S,2024-12-01,43,COL,colapinto,Williams,williams,Franco,Colapinto,,18.0,18,20.0,,,,0 days 00:00:35.639000,Finished,0.0,19.0,21.3,26.0,52.4,3.6,False
2024,23,Qatar Grand Prix,Lusail,S,2024-12-01,24,ZHO,zhou,Kick Sauber,sauber,Guanyu,Zhou,https://media.formula1.com/d_driver_fallback_image.png/content/dam/fom-website/drivers/G/GUAZHO01_Guanyu_Zhou/guazho01.png.transform/1col/image.png,19.0,19,18.0,,,,0 days 00:01:11.436000,Finished,0.0,19.0,21.3,26.0,52.4,3.6,False
2024,23,Qatar Grand Prix,Lusail,S,2024-12-01,11,PER,perez,Red Bull Racing,red_bull,Sergio,Perez,https://media.formula1.com/d_driver_fallback_image.png/content/dam/fom-website/drivers/S/SERPER01_Sergio_Perez/serper01.png.transform/1col/image.png,20.0,20,19.0,,,,0 days 00:01:14.371000,Finished,0.0,19.0,21.3,26.0,52.4,3.6,False
2025,2,Chinese Grand Prix,Shanghai,S,2025-03-23,44,HAM,hamilton,Ferrari,ferrari,Lewis,Hamilton,https://media.formula1.com/d_driver_fallback_image.png/content/dam/fom-website/drivers/L/LEWHAM01_Lewis_Hamilton/lewham01.png.transform/1col/image.png,1.0,1,1.0,,,,0 days 00:30:39.965000,Finished,8.0,19.0,22.9,35.7,25.4,1.8,False
2025,2,Chinese Grand Prix,Shanghai,S,2025-03-23,81,PIA,piastri,McLaren,mclaren,Oscar,Piastri,https://media.formula1.com/d_driver_fallback_image.png/content/dam/fom-website/drivers/O/OSCPIA01_Oscar_Piastri/oscpia01.png.transform/1col/image.png,2.0,2,3.0,,,,0 days 00:00:06.889000,Finished,7.0,19.0,22.9,35.7,25.4,1.8,False
2025,2,Chinese Grand Prix,Shanghai,S,2025-03-23,1,VER,max_verstappen,Red Bull Racing,red_bull,Max,Verstappen,https://media.formula1.com/d_driver_fallback_image.png/content/dam/fom-website/drivers/M/MAXVER01_Max_Verstappen/maxver01.png.transform/1col/image.png,3.0,3,2.0,,,,0 days 00:00:09.804000,Finished,6.0,19.0,22.9,35.7,25.4,1.8,False
2025,2,Chinese Grand Prix,Shanghai,S,2025-03-23,63,RUS,russell,Mercedes,mercedes,George,Russell,https://media.formula1.com/d_driver_fallback_image.png/content/dam/fom-website/drivers/G/GEORUS01_George_Russell/georus01.png.transform/1col/image.png,4.0,4,5.0,,,,0 days 00:00:11.592000,Finished,5.0,19.0,22.9,35.7,25.4,1.8,False
2025,2,Chinese Grand Prix,Shanghai,S,2025-03-23,16,LEC,leclerc,Ferrari,ferrari,Charles,Leclerc,https://media.formula1.com/d_driver_fallback_image.png/content/dam/fom-website/drivers/C/CHALEC01_Charles_Leclerc/chalec01.png.transform/1col/image.png,5.0,5,4.0,,,,0 days 00:00:12.190000,Finished,4.0,19.0,22.9,35.7,25.4,1.8,False
2025,2,Chinese Grand Prix,Shanghai,S,2025-03-23,22,TSU,tsunoda,Racing Bulls,rb,Yuki,Tsunoda,https://media.formula1.com/d_driver_fallback_image.png/content/dam/fom-website/drivers/Y/YUKTSU01_Yuki_Tsunoda/yuktsu01.png.transform/1col/image.png,6.0,6,8.0,,,,0 days 00:00:22.288000,Finished,3.0,19.0,22.9,35.7,25.4,1.8,False
2025,2,Chinese Grand Prix,Shanghai,S,2025-03-23,12,ANT,antonelli,Mercedes,mercedes,Andrea Kimi,Antonelli,https://media.formula1.com/d_driver_fallback_image.png/content/dam/fom-website/drivers/A/ANDANT01_Andrea%20Kimi_Antonelli/andant01.png.transform/1col/image.png,7.0,7,7.0,,,,0 days 00:00:23.038000,Finished,2.0,19.0,22.9,35.7,25.4,1.8,False
2025,2,Chinese Grand Prix,Shanghai,S,2025-03-23,4,NOR,norris,McLaren,mclaren,Lando,Norris,https://media.formula1.com/d_driver_fallback_image.png/content/dam/fom-website/drivers/L/LANNOR01_Lando_Norris/lannor01.png.transform/1col/image.png,8.0,8,6.0,,,,0 days 00:00:23.471000,Finished,1.0,19.0,22.9,35.7,25.4,1.8,False
2025,2,Chinese Grand Prix,Shanghai,S,2025-03-23,18,STR,stroll,Aston Martin,aston_martin,Lance,Stroll,https://media.formula1.com/d_driver_fallback_image.png/content/dam/fom-website/drivers/L/LANSTR01_Lance_Stroll/lanstr01.png.transform/1col/image.png,9.0,9,10.0,,,,0 days 00:00:24.916000,Finished,0.0,19.0,22.9,35.7,25.4,1.8,False
2025,2,Chinese Grand Prix,Shanghai,S,2025-03-23,14,ALO,alonso,Aston Martin,aston_martin,Fernando,Alonso,https://media.formula1.com/d_driver_fallback_image.png/content/dam/fom-website/drivers/F/FERALO01_Fernando_Alonso/feralo01.png.transform/1col/image.png,10.0,10,11.0,,,,0 days 00:00:38.218000,Finished,0.0,19.0,22.9,35.7,25.4,1.8,False
2025,2,Chinese Grand Prix,Shanghai,S,2025-03-23,23,ALB,albon,Williams,williams,Alexander,Albon,https://media.formula1.com/d_driver_fallback_image.png/content/dam/fom-website/drivers/A/ALEALB01_Alexander_Albon/alealb01.png.transform/1col/image.png,11.0,11,9.0,,,,0 days 00:00:39.292000,Finished,0.0,19.0,22.9,35.7,25.4,1.8,False
2025,2,Chinese Grand Prix,Shanghai,S,2025-03-23,10,GAS,gasly,Alpine,alpine,Pierre,Gasly,https://media.formula1.com/d_driver_fallback_image.png/content/dam/fom-website/drivers/P/PIEGAS01_Pierre_Gasly/piegas01.png.transform/1col/image.png,12.0,12,17.0,,,,0 days 00:00:39.649000,Finished,0.0,19.0,22.9,35.7,25.4,1.8,False
2025,2,Chinese Grand Prix,Shanghai,S,2025-03-23,6,HAD,hadjar,Racing Bulls,rb,Isack,Hadjar,https://media.formula1.com/d_driver_fallback_image.png/content/dam/fom-website/drivers/I/ISAHAD01_Isack_Hadjar/isahad01.png.transform/1col/image.png,13.0,13,15.0,,,,0 days 00:00:42.400000,Finished,0.0,19.0,22.9,35.7,25.4,1.8,False
2025,2,Chinese Grand Prix,Shanghai,S,2025-03-23,30,LAW,lawson,Red Bull Racing,red_bull,Liam,Lawson,https://media.formula1.com/d_driver_fallback_image.png/content/dam/fom-website/drivers/L/LIALAW01_Liam_Lawson/lialaw01.png.transform/1col/image.png,14.0,14,19.0,,,,0 days 00:00:44.904000,Finished,0.0,19.0,22.9,35.7,25.4,1.8,False
2025,2,Chinese Grand Prix,Shanghai,S,2025-03-23,87,BEA,bearman,Haas F1 Team,haas,Oliver,Bearman,https://media.formula1.com/d_driver_fallback_image.png/content/dam/fom-website/drivers/O/OLIBEA01_Oliver_Bearman/olibea01.png.transform/1col/image.png,15.0,15,12.0,,,,0 days 00:00:45.649000,Finished,0.0,19.0,22.9,35.7,25.4,1.8,False
2025,2,Chinese Grand Prix,Shanghai,S,2025-03-23,31,OCO,ocon,Haas F1 Team,haas,Esteban,Ocon,https://media.formula1.com/d_driver_fallback_image.png/content/dam/fom-website/drivers/E/ESTOCO01_Esteban_Ocon/estoco01.png.transform/1col/image.png,16.0,16,18.0,,,,0 days 00:00:46.182000,Finished,0.0,19.0,22.9,35.7,25.4,1.8,False
2025,2,Chinese Grand Prix,Shanghai,S,2025-03-23,55,SAI,sainz,Williams,williams,Carlos,Sainz,https://media.formula1.com/d_driver_fallback_image.png/content/dam/fom-website/drivers/C/CARSAI01_Carlos_Sainz/carsai01.png.transform/1col/image.png,17.0,17,13.0,,,,0 days 00:00:51.376000,Finished,0.0,19.0,22.9,35.7,25.4,1.8,False
2025,2,Chinese Grand Prix,Shanghai,S,2025-03-23,5,BOR,bortoleto,Kick Sauber,sauber,Gabriel,Bortoleto,https://media.formula1.com/d_driver_fallback_image.png/content/dam/fom-website/drivers/G/GABBOR01_Gabriel_Bortoleto/gabbor01.png.transform/1col/image.png,18.0,18,14.0,,,,0 days 00:00:53.940000,Finished,0.0,19.0,22.9,35.7,25.4,1.8,False
2025,2,Chinese Grand Prix,Shanghai,S,2025-03-23,27,HUL,hulkenberg,Kick Sauber,sauber,Nico,Hulkenberg,https://media.formula1.com/d_driver_fallback_image.png/content/dam/fom-website/drivers/N/NICHUL01_Nico_Hulkenberg/nichul01.png.transform/1col/image.png,19.0,19,20.0,,,,0 days 00:00:56.682000,Finished,0.0,19.0,22.9,35.7,25.4,1.8,False
2025,2,Chinese Grand Prix,Shanghai,S,2025-03-23,7,DOO,doohan,Alpine,alpine,Jack,Doohan,https://media.formula1.com/d_driver_fallback_image.png/content/dam/fom-website/drivers/J/JACDOO01_Jack_Doohan/jacdoo01.png.transform/1col/image.png,20.0,20,16.0,,,,0 days 00:01:10.212000,Finished,0.0,19.0,22.9,35.7,25.4,1.8,False
2025,6,Miami Grand Prix,Miami Gardens,S,2025-05-04,4,NOR,norris,McLaren,mclaren,Lando,Norris,https://media.formula1.com/d_driver_fallback_image.png/content/dam/fom-website/drivers/L/LANNOR01_Lando_Norris/lannor01.png.transform/1col/image.png,1.0,1,3.0,,,,0 days 00:36:37.647000,Finished,8.0,18.0,24.8,30.7,79.3,1.6,True
2025,6,Miami Grand Prix,Miami Gardens,S,2025-05-04,81,PIA,piastri,McLaren,mclaren,Oscar,Piastri,https://media.formula1.com/d_driver_fallback_image.png/content/dam/fom-website/drivers/O/OSCPIA01_Oscar_Piastri/oscpia01.png.transform/1col/image.png,2.0,2,2.0,,,,0 days 00:00:00.672000,Finished,7.0,18.0,24.8,30.7,79.3,1.6,True
2025,6,Miami Grand Prix,Miami Gardens,S,2025-05-04,44,HAM,hamilton,Ferrari,ferrari,Lewis,Hamilton,https://media.formula1.com/d_driver_fallback_image.png/content/dam/fom-website/drivers/L/LEWHAM01_Lewis_Hamilton/lewham01.png.transform/1col/image.png,3.0,3,7.0,,,,0 days 00:00:01.073000,Finished,6.0,18.0,24.8,30.7,79.3,1.6,True
2025,6,Miami Grand Prix,Miami Gardens,S,2025-05-04,63,RUS,russell,Mercedes,mercedes,George,Russell,https://media.formula1.com/d_driver_fallback_image.png/content/dam/fom-website/drivers/G/GEORUS01_George_Russell/georus01.png.transform/1col/image.png,4.0,4,5.0,,,,0 days 00:00:03.127000,Finished,5.0,18.0,24.8,30.7,79.3,1.6,True
2025,6,Miami Grand Prix,Miami Gardens,S,2025-05-04,18,STR,stroll,Aston Martin,aston_martin,Lance,Stroll,https://media.formula1.com/d_driver_fallback_image.png/content/dam/fom-website/drivers/L/LANSTR01_Lance_Stroll/lanstr01.png.transform/1col/image.png,5.0,5,16.0,,,,0 days 00:00:03.412000,Finished,4.0,18.0,24.8,30.7,79.3,1.6,True
2025,6,Miami Grand Prix,Miami Gardens,S,2025-05-04,22,TSU,tsunoda,Red Bull Racing,red_bull,Yuki,Tsunoda,https://media.formula1.com/d_driver_fallback_image.png/content/dam/fom-website/drivers/Y/YUKTSU01_Yuki_Tsunoda/yuktsu01.png.transform/1col/image.png,6.0,6,20.0,,,,0 days 00:00:05.153000,Finished,3.0,18.0,24.8,30.7,79.3,1.6,True
2025,6,Miami Grand Prix,Miami Gardens,S,2025-05-04,12,ANT,antonelli,Mercedes,mercedes,Kimi,Antonelli,https://media.formula1.com/d_driver_fallback_image.png/content/dam/fom-website/drivers/A/ANDANT01_Andrea%20Kimi_Antonelli/andant01.png.transform/1col/image.png,7.0,7,1.0,,,,0 days 00:00:05.635000,Finished,2.0,18.0,24.8,30.7,79.3,1.6,True
2025,6,Miami Grand Prix,Miami Gardens,S,2025-05-04,10,GAS,gasly,Alpine,alpine,Pierre,Gasly,https://media.formula1.com/d_driver_fallback_image.png/content/dam/fom-website/drivers/P/PIEGAS01_Pierre_Gasly/piegas01.png.transform/1col/image.png,8.0,8,13.0,,,,0 days 00:00:05.973000,Finished,1.0,18.0,24.8,30.7,79.3,1.6,True
2025,6,Miami Grand Prix,Miami Gardens,S,2025-05-04,27,HUL,hulkenberg,Kick Sauber,sauber,Nico,Hulkenberg,https://media.formula1.com/d_driver_fallback_image.png/content/dam/fom-website/drivers/N/NICHUL01_Nico_Hulkenberg/nichul01.png.transform/1col/image.png,9.0,9,11.0,,,,0 days 00:00:06.153000,Finished,0.0,18.0,24.8,30.7,79.3,1.6,True
2025,6,Miami Grand Prix,Miami Gardens,S,2025-05-04,6,HAD,hadjar,Racing Bulls,rb,Isack,Hadjar,https://media.formula1.com/d_driver_fallback_image.png/content/dam/fom-website/drivers/I/ISAHAD01_Isack_Hadjar/isahad01.png.transform/1col/image.png,10.0,10,9.0,,,,0 days 00:00:07.502000,Finished,0.0,18.0,24.8,30.7,79.3,1.6,True
2025,6,Miami Grand Prix,Miami Gardens,S,2025-05-04,23,ALB,albon,Williams,williams,Alexander,Albon,https://media.formula1.com/d_driver_fallback_image.png/content/dam/fom-website/drivers/A/ALEALB01_Alexander_Albon/alealb01.png.transform/1col/image.png,11.0,11,8.0,,,,0 days 00:00:07.522000,Finished,0.0,18.0,24.8,30.7,79.3,1.6,True
2025,6,Miami Grand Prix,Miami Gardens,S,2025-05-04,31,OCO,ocon,Haas F1 Team,haas,Esteban,Ocon,https://media.formula1.com/d_driver_fallback_image.png/content/dam/fom-website/drivers/E/ESTOCO01_Esteban_Ocon/estoco01.png.transform/1col/image.png,12.0,12,12.0,,,,0 days 00:00:08.998000,Finished,0.0,18.0,24.8,30.7,79.3,1.6,True
2025,6,Miami Grand Prix,Miami Gardens,S,2025-05-04,30,LAW,lawson,Racing Bulls,rb,Liam,Lawson,https://media.formula1.com/d_driver_fallback_image.png/content/dam/fom-website/drivers/L/LIALAW01_Liam_Lawson/lialaw01.png.transform/1col/image.png,13.0,13,14.0,,,,0 days 00:00:09.024000,Finished,0.0,18.0,24.8,30.7,79.3,1.6,True
2025,6,Miami Grand Prix,Miami Gardens,S,2025-05-04,87,BEA,bearman,Haas F1 Team,haas,Oliver,Bearman,https://media.formula1.com/d_driver_fallback_image.png/content/dam/fom-website/drivers/O/OLIBEA01_Oliver_Bearman/olibea01.png.transform/1col/image.png,14.0,14,19.0,,,,0 days 00:00:09.218000,Finished,0.0,18.0,24.8,30.7,79.3,1.6,True
2025,6,Miami Grand Prix,Miami Gardens,S,2025-05-04,5,BOR,bortoleto,Kick Sauber,sauber,Gabriel,Bortoleto,https://media.formula1.com/d_driver_fallback_image.png/content/dam/fom-website/drivers/G/GABBOR01_Gabriel_Bortoleto/gabbor01.png.transform/1col/image.png,15.0,15,18.0,,,,0 days 00:00:09.675000,Finished,0.0,18.0,24.8,30.7,79.3,1.6,True
2025,6,Miami Grand Prix,Miami Gardens,S,2025-05-04,7,DOO,doohan,Alpine,alpine,Jack,Doohan,https://media.formula1.com/d_driver_fallback_image.png/content/dam/fom-website/drivers/J/JACDOO01_Jack_Doohan/jacdoo01.png.transform/1col/image.png,16.0,16,17.0,,,,0 days 00:00:09.909000,Finished,0.0,18.0,24.8,30.7,79.3,1.6,True
2025,6,Miami Grand Prix,Miami Gardens,S,2025-05-04,1,VER,max_verstappen,Red Bull Racing,red_bull,Max,Verstappen,https://media.formula1.com/d_driver_fallback_image.png/content/dam/fom-website/drivers/M/MAXVER01_Max_Verstappen/maxver01.png.transform/1col/image.png,17.0,17,4.0,,,,0 days 00:00:12.059000,Finished,0.0,18.0,24.8,30.7,79.3,1.6,True
2025,6,Miami Grand Prix,Miami Gardens,S,2025-05-04,14,ALO,alonso,Aston Martin,aston_martin,Fernando,Alonso,https://media.formula1.com/d_driver_fallback_image.png/content/dam/fom-website/drivers/F/FERALO01_Fernando_Alonso/feralo01.png.transform/1col/image.png,18.0,R,10.0,,,,,Retired,0.0,13.0,24.8,30.7,79.3,1.6,True
2025,6,Miami Grand Prix,Miami Gardens,S,2025-05-04,55,SAI,sainz,Williams,williams,Carlos,Sainz,https://media.formula1.com/d_driver_fallback_image.png/content/dam/fom-website/drivers/C/CARSAI01_Carlos_Sainz/carsai01.png.transform/1col/image.png,19.0,R,15.0,,,,,Retired,0.0,12.0,24.8,30.7,79.3,1.6,True
2025,6,Miami Grand Prix,Miami Gardens,S,2025-05-04,16,LEC,leclerc,Ferrari,ferrari,Charles,Leclerc,https://media.formula1.com/d_driver_fallback_image.png/content/dam/fom-website/drivers/C/CHALEC01_Charles_Leclerc/chalec01.png.transform/1col/image.png,20.0,R,6.0,,,,,Retired,0.0,0.0,24.8,30.7,79.3,1.6,True
2025,13,Belgian Grand Prix,Spa-Francorchamps,S,2025-07-27,1,VER,max_verstappen,Red Bull Racing,red_bull,Max,Verstappen,https://media.formula1.com/d_driver_fallback_image.png/content/dam/fom-website/drivers/M/MAXVER01_Max_Verstappen/maxver01.png.transform/1col/image.png,1.0,1,2.0,,,,0 days 00:26:37.997000,Finished,8.0,15.0,20.9,35.2,61.1,1.2,False
2025,13,Belgian Grand Prix,Spa-Francorchamps,S,2025-07-27,81,PIA,piastri,McLaren,mclaren,Oscar,Piastri,https://media.formula1.com/d_driver_fallback_image.png/content/dam/fom-website/drivers/O/OSCPIA01_Oscar_Piastri/oscpia01.png.transform/1col/image.png,2.0,2,1.0,,,,0 days 00:00:00.753000,Finished,7.0,15.0,20.9,35.2,61.1,1.2,False
2025,13,Belgian Grand Prix,Spa-Francorchamps,S,2025-07-27,4,NOR,norris,McLaren,mclaren,Lando,Norris,https://media.formula1.com/d_driver_fallback_image.png/content/dam/fom-website/drivers/L/LANNOR01_Lando_Norris/lannor01.png.transform/1col/image.png,3.0,3,3.0,,,,0 days 00:00:01.414000,Finished,6.0,15.0,20.9,35.2,61.1,1.2,False
2025,13,Belgian Grand Prix,Spa-Francorchamps,S,2025-07-27,16,LEC,leclerc,Ferrari,ferrari,Charles,Leclerc,https://media.formula1.com/d_driver_fallback_image.png/content/dam/fom-website/drivers/C/CHALEC01_Charles_Leclerc/chalec01.png.transform/1col/image.png,4.0,4,4.0,,,,0 days 00:00:10.176000,Finished,5.0,15.0,20.9,35.2,61.1,1.2,False
2025,13,Belgian Grand Prix,Spa-Francorchamps,S,2025-07-27,31,OCO,ocon,Haas F1 Team,haas,Esteban,Ocon,https://media.formula1.com/d_driver_fallback_image.png/content/dam/fom-website/drivers/E/ESTOCO01_Esteban_Ocon/estoco01.png.transform/1col/image.png,5.0,5,5.0,,,,0 days 00:00:13.789000,Finished,4.0,15.0,20.9,35.2,61.1,1.2,False
2025,13,Belgian Grand Prix,Spa-Francorchamps,S,2025-07-27,55,SAI,sainz,Williams,williams,Carlos,Sainz,https://media.formula1.com/d_driver_fallback_image.png/content/dam/fom-website/drivers/C/CARSAI01_Carlos_Sainz/carsai01.png.transform/1col/image.png,6.0,6,6.0,,,,0 days 00:00:14.964000,Finished,3.0,15.0,20.9,35.2,61.1,1.2,False
2025,13,Belgian Grand Prix,Spa-Francorchamps,S,2025-07-27,87,BEA,bearman,Haas F1 Team,haas,Oliver,Bearman,https://media.formula1.com/d_driver_fallback_image.png/content/dam/fom-website/drivers/O/OLIBEA01_Oliver_Bearman/olibea01.png.transform/1col/image.png,7.0,7,7.0,,,,0 days 00:00:18.610000,Finished,2.0,15.0,20.9,35.2,61.1,1.2,False
2025,13,Belgian Grand Prix,Spa-Francorchamps,S,2025-07-27,6,HAD,hadjar,Racing Bulls,rb,Isack,Hadjar,https://media.formula1.com/d_driver_fallback_image.png/content/dam/fom-website/drivers/I/ISAHAD01_Isack_Hadjar/isahad01.png.transform/1col/image.png,8.0,8,9.0,,,,0 days 00:00:19.119000,Finished,1.0,15.0,20.9,35.2,61.1,1.2,False
2025,13,Belgian Grand Prix,Spa-Francorchamps,S,2025-07-27,5,BOR,bortoleto,Kick Sauber,sauber,Gabriel,Bortoleto,https://media.formula1.com/d_driver_fallback_image.png/content/dam/fom-website/drivers/G/GABBOR01_Gabriel_Bortoleto/gabbor01.png.transform/1col/image.png,9.0,9,10.0,,,,0 days 00:00:22.183000,Finished,0.0,15.0,20.9,35.2,61.1,1.2,False
2025,13,Belgian Grand Prix,Spa-Francorchamps,S,2025-07-27,30,LAW,lawson,Racing Bulls,rb,Liam,Lawson,https://media.formula1.com/d_driver_fallback_image.png/content/dam/fom-website/drivers/L/LIALAW01_Liam_Lawson/lialaw01.png.transform/1col/image.png,10.0,10,11.0,,,,0 days 00:00:22.897000,Finished,0.0,15.0,20.9,35.2,61.1,1.2,False
2025,13,Belgian Grand Prix,Spa-Francorchamps,S,2025-07-27,22,TSU,tsunoda,Red Bull Racing,red_bull,Yuki,Tsunoda,https://media.formula1.com/d_driver_fallback_image.png/content/dam/fom-website/drivers/Y/YUKTSU01_Yuki_Tsunoda/yuktsu01.png.transform/1col/image.png,11.0,11,12.0,,,,0 days 00:00:24.551000,Finished,0.0,15.0,20.9,35.2,61.1,1.2,False
2025,13,Belgian Grand Prix,Spa-Francorchamps,S,2025-07-27,63,RUS,russell,Mercedes,mercedes,George,Russell,https://media.formula1.com/d_driver_fallback_image.png/content/dam/fom-website/drivers/G/GEORUS01_George_Russell/georus01.png.transform/1col/image.png,12.0,12,13.0,,,,0 days 00:00:25.969000,Finished,0.0,15.0,20.9,35.2,61.1,1.2,False
2025,13,Belgian Grand Prix,Spa-Francorchamps,S,2025-07-27,18,STR,stroll,Aston Martin,aston_martin,Lance,Stroll,https://media.formula1.com/d_driver_fallback_image.png/content/dam/fom-website/drivers/L/LANSTR01_Lance_Stroll/lanstr01.png.transform/1col/image.png,13.0,13,15.0,,,,0 days 00:00:26.595000,Finished,0.0,15.0,20.9,35.2,61.1,1.2,False
2025,13,Belgian Grand Prix,Spa-Francorchamps,S,2025-07-27,14,ALO,alonso,Aston Martin,aston_martin,Fernando,Alonso,https://media.formula1.com/d_driver_fallback_image.png/content/dam/fom-website/drivers/F/FERALO01_Fernando_Alonso/feralo01.png.transform/1col/image.png,14.0,14,14.0,,,,0 days 00:00:29.046000,Finished,0.0,15.0,20.9,35.2,61.1,1.2,False
2025,13,Belgian Grand Prix,Spa-Francorchamps,S,2025-07-27,44,HAM,hamilton,Ferrari,ferrari,Lewis,Hamilton,https://media.formula1.com/d_driver_fallback_image.png/content/dam/fom-website/drivers/L/LEWHAM01_Lewis_Hamilton/lewham01.png.transform/1col/image.png,15.0,15,18.0,,,,0 days 00:00:30.175000,Finished,0.0,15.0,20.9,35.2,61.1,1.2,False
2025,13,Belgian Grand Prix,Spa-Francorchamps,S,2025-07-27,23,ALB,albon,Williams,williams,Alexander,Albon,https://media.formula1.com/d_driver_fallback_image.png/content/dam/fom-website/drivers/A/ALEALB01_Alexander_Albon/alealb01.png.transform/1col/image.png,16.0,16,16.0,,,,0 days 00:00:30.941000,Finished,0.0,15.0,20.9,35.2,61.1,1.2,False
2025,13,Belgian Grand Prix,Spa-Francorchamps,S,2025-07-27,12,ANT,antonelli,Mercedes,mercedes,Kimi,Antonelli,https://media.formula1.com/d_driver_fallback_image.png/content/dam/fom-website/drivers/A/ANDANT01_Andrea%20Kimi_Antonelli/andant01.png.transform/1col/image.png,17.0,17,19.0,,,,0 days 00:00:31.981000,Finished,0.0,15.0,20.9,35.2,61.1,1.2,False
2025,13,Belgian Grand Prix,Spa-Francorchamps,S,2025-07-27,27,HUL,hulkenberg,Kick Sauber,sauber,Nico,Hulkenberg,https://media.formula1.com/d_driver_fallback_image.png/content/dam/fom-website/drivers/N/NICHUL01_Nico_Hulkenberg/nichul01.png.transform/1col/image.png,18.0,18,17.0,,,,0 days 00:00:32.867000,Finished,0.0,15.0,20.9,35.2,61.1,1.2,False
2025,13,Belgian Grand Prix,Spa-Francorchamps,S,2025-07-27,43,COL,colapinto,Alpine,alpine,Franco,Colapinto,,19.0,19,20.0,,,,0 days 00:00:38.072000,Finished,0.0,15.0,20.9,35.2,61.1,1.2,False
2025,13,Belgian Grand Prix,Spa-Francorchamps,S,2025-07-27,10,GAS,gasly,Alpine,alpine,Pierre,Gasly,https://media.formula1.com/d_driver_fallback_image.png/content/dam/fom-website/drivers/P/PIEGAS01_Pierre_Gasly/piegas01.png.transform/1col/image.png,20.0,R,8.0,,,,,Retired,0.0,12.0,20.9,35.2,61.1,1.2,False
2025,19,United States Grand Prix,Austin,S,2025-10-19,1,VER,max_verstappen,Red Bull Racing,red_bull,Max,Verstappen,https://media.formula1.com/d_driver_fallback_image.png/content/dam/fom-website/drivers/M/MAXVER01_Max_Verstappen/maxver01.png.transform/1col/image.png,1.0,1,1.0,,,,0 days 00:37:58.229000,Finished,8.0,19.0,29.8,42.6,56.8,3.3,False
2025,19,United States Grand Prix,Austin,S,2025-10-19,63,RUS,russell,Mercedes,mercedes,George,Russell,https://media.formula1.com/d_driver_fallback_image.png/content/dam/fom-website/drivers/G/GEORUS01_George_Russell/georus01.png.transform/1col/image.png,2.0,2,5.0,,,,0 days 00:00:00.395000,Finished,7.0,19.0,29.8,42.6,56.8,3.3,False
2025,19,United States Grand Prix,Austin,S,2025-10-19,55,SAI,sainz,Williams,williams,Carlos,Sainz,https://media.formula1.com/d_driver_fallback_image.png/content/dam/fom-website/drivers/C/CARSAI01_Carlos_Sainz/carsai01.png.transform/1col/image.png,3.0,3,7.0,,,,0 days 00:00:00.791000,Finished,6.0,19.0,29.8,42.6,56.8,3.3,False
2025,19,United States Grand Prix,Austin,S,2025-10-19,44,HAM,hamilton,Ferrari,ferrari,Lewis,Hamilton,https://media.formula1.com/d_driver_fallback_image.png/content/dam/fom-website/drivers/L/LEWHAM01_Lewis_Hamilton/lewham01.png.transform/1col/image.png,4.0,4,8.0,,,,0 days 00:00:01.224000,Finished,5.0,19.0,29.8,42.6,56.8,3.3,False
2025,19,United States Grand Prix,Austin,S,2025-10-19,16,LEC,leclerc,Ferrari,ferrari,Charles,Leclerc,https://media.formula1.com/d_driver_fallback_image.png/content/dam/fom-website/drivers/C/CHALEC01_Charles_Leclerc/chalec01.png.transform/1col/image.png,5.0,5,10.0,,,,0 days 00:00:01.825000,Finished,4.0,19.0,29.8,42.6,56.8,3.3,False
2025,19,United States Grand Prix,Austin,S,2025-10-19,23,ALB,albon,Williams,williams,Alexander,Albon,https://media.formula1.com/d_driver_fallback_image.png/content/dam/fom-website/drivers/A/ALEALB01_Alexander_Albon/alealb01.png.transform/1col/image.png,6.0,6,9.0,,,,0 days 00:00:02.576000,Finished,3.0,19.0,29.8,42.6,56.8,3.3,False
2025,19,United States Grand Prix,Austin,S,2025-10-19,22,TSU,tsunoda,Red Bull Racing,red_bull,Yuki,Tsunoda,https://media.formula1.com/d_driver_fallback_image.png/content/dam/fom-website/drivers/Y/YUKTSU01_Yuki_Tsunoda/yuktsu01.png.transform/1col/image.png,7.0,7,18.0,,,,0 days 00:00:02.976000,Finished,2.0,19.0,29.8,42.6,56.8,3.3,False
2025,19,United States Grand Prix,Austin,S,2025-10-19,12,ANT,antonelli,Mercedes,mercedes,Kimi,Antonelli,https://media.formula1.com/d_driver_fallback_image.png/content/dam/fom-website/drivers/A/ANDANT01_Andrea%20Kimi_Antonelli/andant01.png.transform/1col/image.png,8.0,8,11.0,,,,0 days 00:00:04.147000,Finished,1.0,19.0,29.8,42.6,56.8,3.3,False
2025,19,United States Grand Prix,Austin,S,2025-10-19,30,LAW,lawson,Racing Bulls,rb,Liam,Lawson,https://media.formula1.com/d_driver_fallback_image.png/content/dam/fom-website/drivers/L/LIALAW01_Liam_Lawson/lialaw01.png.transform/1col/image.png,9.0,9,15.0,,,,0 days 00:00:04.804000,Finished,0.0,19.0,29.8,42.6,56.8,3.3,False
2025,19,United States Grand Prix,Austin,S,2025-10-19,10,GAS,gasly,Alpine,alpine,Pierre,Gasly,https://media.formula1.com/d_driver_fallback_image.png/content/dam/fom-website/drivers/P/PIEGAS01_Pierre_Gasly/piegas01.png.transform/1col/image.png,10.0,10,13.0,,,,0 days 00:00:05.126000,Finished,0.0,19.0,29.8,42.6,56.8,3.3,False
2025,19,United States Grand Prix,Austin,S,2025-10-19,5,BOR,bortoleto,Kick Sauber,sauber,Gabriel,Bortoleto,https://media.formula1.com/d_driver_fallback_image.png/content/dam/fom-website/drivers/G/GABBOR01_Gabriel_Bortoleto/gabbor01.png.transform/1col/image.png,11.0,11,20.0,,,,0 days 00:00:05.649000,Finished,0.0,19.0,29.8,42.6,56.8,3.3,False
2025,19,United States Grand Prix,Austin,S,2025-10-19,6,HAD,hadjar,Racing Bulls,rb,Isack,Hadjar,https://media.formula1.com/d_driver_fallback_image.png/content/dam/fom-website/drivers/I/ISAHAD01_Isack_Hadjar/isahad01.png.transform/1col/image.png,12.0,12,12.0,,,,0 days 00:00:06.228000,Finished,0.0,19.0,29.8,42.6,56.8,3.3,False
2025,19,United States Grand Prix,Austin,S,2025-10-19,27,HUL,hulkenberg,Kick Sauber,sauber,Nico,Hulkenberg,https://media.formula1.com/d_driver_fallback_image.png/content/dam/fom-website/drivers/N/NICHUL01_Nico_Hulkenberg/nichul01.png.transform/1col/image.png,13.0,13,4.0,,,,0 days 00:00:06.624000,Finished,0.0,19.0,29.8,42.6,56.8,3.3,False
2025,19,United States Grand Prix,Austin,S,2025-10-19,43,COL,colapinto,Alpine,alpine,Franco,Colapinto,,14.0,14,17.0,,,,0 days 00:00:08.006000,Finished,0.0,19.0,29.8,42.6,56.8,3.3,False
2025,19,United States Grand Prix,Austin,S,2025-10-19,87,BEA,bearman,Haas F1 Team,haas,Oliver,Bearman,https://media.formula1.com/d_driver_fallback_image.png/content/dam/fom-website/drivers/O/OLIBEA01_Oliver_Bearman/olibea01.png.transform/1col/image.png,15.0,15,16.0,,,,0 days 00:00:13.576000,Finished,0.0,19.0,29.8,42.6,56.8,3.3,False
2025,19,United States Grand Prix,Austin,S,2025-10-19,31,OCO,ocon,Haas F1 Team,haas,Esteban,Ocon,https://media.formula1.com/d_driver_fallback_image.png/content/dam/fom-website/drivers/E/ESTOCO01_Esteban_Ocon/estoco01.png.transform/1col/image.png,16.0,R,19.0,,,,,Retired,0.0,15.0,29.8,42.6,56.8,3.3,False
2025,19,United States Grand Prix,Austin,S,2025-10-19,18,STR,stroll,Aston Martin,aston_martin,Lance,Stroll,https://media.formula1.com/d_driver_fallback_image.png/content/dam/fom-website/drivers/L/LANSTR01_Lance_Stroll/lanstr01.png.transform/1col/image.png,17.0,R,14.0,,,,,Retired,0.0,15.0,29.8,42.6,56.8,3.3,False
2025,19,United States Grand Prix,Austin,S,2025-10-19,4,NOR,norris,McLaren,mclaren,Lando,Norris,https://media.formula1.com/d_driver_fallback_image.png/content/dam/fom-website/drivers/L/LANNOR01_Lando_Norris/lannor01.png.transform/1col/image.png,18.0,R,2.0,,,,,Retired,0.0,0.0,29.8,42.6,56.8,3.3,False
2025,19,United States Grand Prix,Austin,S,2025-10-19,81,PIA,piastri,McLaren,mclaren,Oscar,Piastri,https://media.formula1.com/d_driver_fallback_image.png/content/dam/fom-website/drivers/O/OSCPIA01_Oscar_Piastri/oscpia01.png.transform/1col/image.png,19.0,R,3.0,,,,,Retired,0.0,0.0,29.8,42.6,56.8,3.3,False
2025,19,United States Grand Prix,Austin,S,2025-10-19,14,ALO,alonso,Aston Martin,aston_martin,Fernando,Alonso,https://media.formula1.com/d_driver_fallback_image.png/content/dam/fom-website/drivers/F/FERALO01_Fernando_Alonso/feralo01.png.transform/1col/image.png,20.0,R,6.0,,,,,Retired,0.0,0.0,29.8,42.6,56.8,3.3,False
2025,21,São Paulo Grand Prix,São Paulo,S,2025-11-09,4,NOR,norris,McLaren,mclaren,Lando,Norris,https://media.formula1.com/d_driver_fallback_image.png/content/dam/fom-website/drivers/L/LANNOR01_Lando_Norris/lannor01.png.transform/1col/image.png,1.0,1,1.0,,,,0 days 00:53:25.928000,Finished,8.0,24.0,22.9,26.7,72.4,2.1,True
2025,21,São Paulo Grand Prix,São Paulo,S,2025-11-09,12,ANT,antonelli,Mercedes,mercedes,Kimi,Antonelli,https://media.formula1.com/d_driver_fallback_image.png/content/dam/fom-website/drivers/A/ANDANT01_Andrea%20Kimi_Antonelli/andant01.png.transform/1col/image.png,2.0,2,2.0,,,,0 days 00:00:00.845000,Finished,7.0,24.0,22.9,26.7,72.4,2.1,True
2025,21,São Paulo Grand Prix,São Paulo,S,2025-11-09,63,RUS,russell,Mercedes,mercedes,George,Russell,https://media.formula1.com/d_driver_fallback_image.png/content/dam/fom-website/drivers/G/GEORUS01_George_Russell/georus01.png.transform/1col/image.png,3.0,3,4.0,,,,0 days 00:00:02.318000,Finished,6.0,24.0,22.9,26.7,72.4,2.1,True
2025,21,São Paulo Grand Prix,São Paulo,S,2025-11-09,1,VER,max_verstappen,Red Bull Racing,red_bull,Max,Verstappen,https://media.formula1.com/d_driver_fallback_image.png/content/dam/fom-website/drivers/M/MAXVER01_Max_Verstappen/maxver01.png.transform/1col/image.png,4.0,4,6.0,,,,0 days 00:00:04.423000,Finished,5.0,24.0,22.9,26.7,72.4,2.1,True
2025,21,São Paulo Grand Prix,São Paulo,S,2025-11-09,16,LEC,leclerc,Ferrari,ferrari,Charles,Leclerc,https://media.formula1.com/d_driver_fallback_image.png/content/dam/fom-website/drivers/C/CHALEC01_Charles_Leclerc/chalec01.png.transform/1col/image.png,5.0,5,8.0,,,,0 days 00:00:16.483000,Finished,4.0,24.0,22.9,26.7,72.4,2.1,True
2025,21,São Paulo Grand Prix,São Paulo,S,2025-11-09,14,ALO,alonso,Aston Martin,aston_martin,Fernando,Alonso,https://media.formula1.com/d_driver_fallback_image.png/content/dam/fom-website/drivers/F/FERALO01_Fernando_Alonso/feralo01.png.transform/1col/image.png,6.0,6,5.0,,,,0 days 00:00:18.306000,Finished,3.0,24.0,22.9,26.7,72.4,2.1,True
2025,21,São Paulo Grand Prix,São Paulo,S,2025-11-09,44,HAM,hamilton,Ferrari,ferrari,Lewis,Hamilton,https://media.formula1.com/d_driver_fallback_image.png/content/dam/fom-website/drivers/L/LEWHAM01_Lewis_Hamilton/lewham01.png.transform/1col/image.png,7.0,7,11.0,,,,0 days 00:00:18.603000,Finished,2.0,24.0,22.9,26.7,72.4,2.1,True
2025,21,São Paulo Grand Prix,São Paulo,S,2025-11-09,10,GAS,gasly,Alpine,alpine,Pierre,Gasly,https://media.formula1.com/d_driver_fallback_image.png/content/dam/fom-website/drivers/P/PIEGAS01_Pierre_Gasly/piegas01.png.transform/1col/image.png,8.0,8,13.0,,,,0 days 00:00:19.366000,Finished,1.0,24.0,22.9,26.7,72.4,2.1,True
2025,21,São Paulo Grand Prix,São Paulo,S,2025-11-09,18,STR,stroll,Aston Martin,aston_martin,Lance,Stroll,https://media.formula1.com/d_driver_fallback_image.png/content/dam/fom-website/drivers/L/LANSTR01_Lance_Stroll/lanstr01.png.transform/1col/image.png,9.0,9,7.0,,,,0 days 00:00:23.933000,Finished,0.0,24.0,22.9,26.7,72.4,2.1,True
2025,21,São Paulo Grand Prix,São Paulo,S,2025-11-09,6,HAD,hadjar,Racing Bulls,rb,Isack,Hadjar,https://media.formula1.com/d_driver_fallback_image.png/content/dam/fom-website/drivers/I/ISAHAD01_Isack_Hadjar/isahad01.png.transform/1col/image.png,10.0,10,9.0,,,,0 days 00:00:29.548000,Finished,0.0,24.0,22.9,26.7,72.4,2.1,True
2025,21,São Paulo Grand Prix,São Paulo,S,2025-11-09,31,OCO,ocon,Haas F1 Team,haas,Esteban,Ocon,https://media.formula1.com/d_driver_fallback_image.png/content/dam/fom-website/drivers/E/ESTOCO01_Esteban_Ocon/estoco01.png.transform/1col/image.png,11.0,11,18.0,,,,0 days 00:00:31,Finished,0.0,24.0,22.9,26.7,72.4,2.1,True
2025,21,São Paulo Grand Prix,São Paulo,S,2025-11-09,87,BEA,bearman,Haas F1 Team,haas,Oliver,Bearman,https://media.formula1.com/d_driver_fallback_image.png/content/dam/fom-website/drivers/O/OLIBEA01_Oliver_Bearman/olibea01.png.transform/1col/image.png,12.0,12,15.0,,,,0 days 00:00:36.334000,Finished,0.0,24.0,22.9,26.7,72.4,2.1,True
2025,21,São Paulo Grand Prix,São Paulo,S,2025-11-09,22,TSU,tsunoda,Red Bull Racing,red_bull,Yuki,Tsunoda,https://media.formula1.com/d_driver_fallback_image.png/content/dam/fom-website/drivers/Y/YUKTSU01_Yuki_Tsunoda/yuktsu01.png.transform/1col/image.png,13.0,13,19.0,,,,0 days 00:00:38.462000,Finished,0.0,24.0,22.9,26.7,72.4,2.1,True
2025,21,São Paulo Grand Prix,São Paulo,S,2025-11-09,55,SAI,sainz,Williams,williams,Carlos,Sainz,https://media.formula1.com/d_driver_fallback_image.png/content/dam/fom-website/drivers/C/CARSAI01_Carlos_Sainz/carsai01.png.transform/1col/image.png,14.0,14,20.0,,,,0 days 00:00:38.951000,Finished,0.0,24.0,22.9,26.7,72.4,2.1,True
2025,21,São Paulo Grand Prix,São Paulo,S,2025-11-09,27,HUL,hulkenberg,Kick Sauber,sauber,Nico,Hulkenberg,https://media.formula1.com/d_driver_fallback_image.png/content/dam/fom-website/drivers/N/NICHUL01_Nico_Hulkenberg/nichul01.png.transform/1col/image.png,15.0,15,10.0,,,,0 days 00:00:42.349000,Finished,0.0,24.0,22.9,26.7,72.4,2.1,True
2025,21,São Paulo Grand Prix,São Paulo,S,2025-11-09,30,LAW,lawson,Racing Bulls,rb,Liam,Lawson,https://media.formula1.com/d_driver_fallback_image.png/content/dam/fom-website/drivers/L/LIALAW01_Liam_Lawson/lialaw01.png.transform/1col/image.png,16.0,16,17.0,,,,0 days 00:00:43.090000,Finished,0.0,24.0,22.9,26.7,72.4,2.1,True
2025,21,São Paulo Grand Prix,São Paulo,S,2025-11-09,23,ALB,albon,Williams,williams,Alexander,Albon,https://media.formula1.com/d_driver_fallback_image.png/content/dam/fom-website/drivers/A/ALEALB01_Alexander_Albon/alealb01.png.transform/1col/image.png,17.0,17,12.0,,,,0 days 00:00:55.456000,Finished,0.0,24.0,22.9,26.7,72.4,2.1,True
2025,21,São Paulo Grand Prix,São Paulo,S,2025-11-09,5,BOR,bortoleto,Kick Sauber,sauber,Gabriel,Bortoleto,https://media.formula1.com/d_driver_fallback_image.png/content/dam/fom-website/drivers/G/GABBOR01_Gabriel_Bortoleto/gabbor01.png.transform/1col/image.png,18.0,18,14.0,,,,,Retired,0.0,23.0,22.9,26.7,72.4,2.1,True
2025,21,São Paulo Grand Prix,São Paulo,S,2025-11-09,81,PIA,piastri,McLaren,mclaren,Oscar,Piastri,https://media.formula1.com/d_driver_fallback_image.png/content/dam/fom-website/drivers/O/OSCPIA01_Oscar_Piastri/oscpia01.png.transform/1col/image.png,19.0,R,3.0,,,,,Retired,0.0,5.0,22.9,26.7,72.4,2.1,True
2025,21,São Paulo Grand Prix,São Paulo,S,2025-11-09,43,COL,colapinto,Alpine,alpine,Franco,Colapinto,,20.0,R,16.0,,,,,Retired,0.0,5.0,22.9,26.7,72.4,2.1,True
2025,23,Qatar Grand Prix,Lusail,S,2025-11-30,81,PIA,piastri,McLaren,mclaren,Oscar,Piastri,https://media.formula1.com/d_driver_fallback_image.png/content/dam/fom-website/drivers/O/OSCPIA01_Oscar_Piastri/oscpia01.png.transform/1col/image.png,1.0,1,1.0,,,,0 days 00:26:51.033000,Finished,8.0,19.0,25.2,31.5,49.0,2.2,False
2025,23,Qatar Grand Prix,Lusail,S,2025-11-30,63,RUS,russell,Mercedes,mercedes,George,Russell,https://media.formula1.com/d_driver_fallback_image.png/content/dam/fom-website/drivers/G/GEORUS01_George_Russell/georus01.png.transform/1col/image.png,2.0,2,2.0,,,,0 days 00:00:04.951000,Finished,7.0,19.0,25.2,31.5,49.0,2.2,False
2025,23,Qatar Grand Prix,Lusail,S,2025-11-30,4,NOR,norris,McLaren,mclaren,Lando,Norris,https://media.formula1.com/d_driver_fallback_image.png/content/dam/fom-website/drivers/L/LANNOR01_Lando_Norris/lannor01.png.transform/1col/image.png,3.0,3,3.0,,,,0 days 00:00:06.279000,Finished,6.0,19.0,25.2,31.5,49.0,2.2,False
2025,23,Qatar Grand Prix,Lusail,S,2025-11-30,1,VER,max_verstappen,Red Bull Racing,red_bull,Max,Verstappen,https://media.formula1.com/d_driver_fallback_image.png/content/dam/fom-website/drivers/M/MAXVER01_Max_Verstappen/maxver01.png.transform/1col/image.png,4.0,4,6.0,,,,0 days 00:00:09.054000,Finished,5.0,19.0,25.2,31.5,49.0,2.2,False
2025,23,Qatar Grand Prix,Lusail,S,2025-11-30,22,TSU,tsunoda,Red Bull Racing,red_bull,Yuki,Tsunoda,https://media.formula1.com/d_driver_fallback_image.png/content/dam/fom-website/drivers/Y/YUKTSU01_Yuki_Tsunoda/yuktsu01.png.transform/1col/image.png,5.0,5,5.0,,,,0 days 00:00:19.327000,Finished,4.0,19.0,25.2,31.5,49.0,2.2,False
2025,23,Qatar Grand Prix,Lusail,S,2025-11-30,12,ANT,antonelli,Mercedes,mercedes,Kimi,Antonelli,https://media.formula1.com/d_driver_fallback_image.png/content/dam/fom-website/drivers/A/ANDANT01_Andrea%20Kimi_Antonelli/andant01.png.transform/1col/image.png,6.0,6,7.0,,,,0 days 00:00:21.391000,Finished,3.0,19.0,25.2,31.5,49.0,2.2,False
2025,23,Qatar Grand Prix,Lusail,S,2025-11-30,14,ALO,alonso,Aston Martin,aston_martin,Fernando,Alonso,https://media.formula1.com/d_driver_fallback_image.png/content/dam/fom-website/drivers/F/FERALO01_Fernando_Alonso/feralo01.png.transform/1col/image.png,7.0,7,4.0,,,,0 days 00:00:24.556000,Finished,2.0,19.0,25.2,31.5,49.0,2.2,False
2025,23,Qatar Grand Prix,Lusail,S,2025-11-30,55,SAI,sainz,Williams,williams,Carlos,Sainz,https://media.formula1.com/d_driver_fallback_image.png/content/dam/fom-website/drivers/C/CARSAI01_Carlos_Sainz/carsai01.png.transform/1col/image.png,8.0,8,8.0,,,,0 days 00:00:27.333000,Finished,1.0,19.0,25.2,31.5,49.0,2.2,False
2025,23,Qatar Grand Prix,Lusail,S,2025-11-30,6,HAD,hadjar,Racing Bulls,rb,Isack,Hadjar,https://media.formula1.com/d_driver_fallback_image.png/content/dam/fom-website/drivers/I/ISAHAD01_Isack_Hadjar/isahad01.png.transform/1col/image.png,9.0,9,11.0,,,,0 days 00:00:28.206000,Finished,0.0,19.0,25.2,31.5,49.0,2.2,False
2025,23,Qatar Grand Prix,Lusail,S,2025-11-30,23,ALB,albon,Williams,williams,Alexander,Albon,https://media.formula1.com/d_driver_fallback_image.png/content/dam/fom-website/drivers/A/ALEALB01_Alexander_Albon/alealb01.png.transform/1col/image.png,10.0,10,10.0,,,,0 days 00:00:28.925000,Finished,0.0,19.0,25.2,31.5,49.0,2.2,False
2025,23,Qatar Grand Prix,Lusail,S,2025-11-30,5,BOR,bortoleto,Kick Sauber,sauber,Gabriel,Bortoleto,https://media.formula1.com/d_driver_fallback_image.png/content/dam/fom-website/drivers/G/GABBOR01_Gabriel_Bortoleto/gabbor01.png.transform/1col/image.png,11.0,11,13.0,,,,0 days 00:00:32.966000,Finished,0.0,19.0,25.2,31.5,49.0,2.2,False
2025,23,Qatar Grand Prix,Lusail,S,2025-11-30,87,BEA,bearman,Haas F1 Team,haas,Oliver,Bearman,https://media.formula1.com/d_driver_fallback_image.png/content/dam/fom-website/drivers/O/OLIBEA01_Oliver_Bearman/olibea01.png.transform/1col/image.png,12.0,12,12.0,,,,0 days 00:00:34.529000,Finished,0.0,19.0,25.2,31.5,49.0,2.2,False
2025,23,Qatar Grand Prix,Lusail,S,2025-11-30,16,LEC,leclerc,Ferrari,ferrari,Charles,Leclerc,https://media.formula1.com/d_driver_fallback_image.png/content/dam/fom-website/drivers/C/CHALEC01_Charles_Leclerc/chalec01.png.transform/1col/image.png,13.0,13,9.0,,,,0 days 00:00:35.182000,Finished,0.0,19.0,25.2,31.5,49.0,2.2,False
2025,23,Qatar Grand Prix,Lusail,S,2025-11-30,30,LAW,lawson,Racing Bulls,rb,Liam,Lawson,https://media.formula1.com/d_driver_fallback_image.png/content/dam/fom-website/drivers/L/LIALAW01_Liam_Lawson/lialaw01.png.transform/1col/image.png,14.0,14,16.0,,,,0 days 00:00:36.916000,Finished,0.0,19.0,25.2,31.5,49.0,2.2,False
2025,23,Qatar Grand Prix,Lusail,S,2025-11-30,31,OCO,ocon,Haas F1 Team,haas,Esteban,Ocon,https://media.formula1.com/d_driver_fallback_image.png/content/dam/fom-website/drivers/E/ESTOCO01_Esteban_Ocon/estoco01.png.transform/1col/image.png,15.0,15,15.0,,,,0 days 00:00:38.838000,Finished,0.0,19.0,25.2,31.5,49.0,2.2,False
2025,23,Qatar Grand Prix,Lusail,S,2025-11-30,27,HUL,hulkenberg,Kick Sauber,sauber,Nico,Hulkenberg,https://media.formula1.com/d_driver_fallback_image.png/content/dam/fom-website/drivers/N/NICHUL01_Nico_Hulkenberg/nichul01.png.transform/1col/image.png,16.0,16,14.0,,,,0 days 00:00:39.638000,Finished,0.0,19.0,25.2,31.5,49.0,2.2,False
2025,23,Qatar Grand Prix,Lusail,S,2025-11-30,44,HAM,hamilton,Ferrari,ferrari,Lewis,Hamilton,https://media.formula1.com/d_driver_fallback_image.png/content/dam/fom-website/drivers/L/LEWHAM01_Lewis_Hamilton/lewham01.png.transform/1col/image.png,17.0,17,18.0,,,,0 days 00:00:46.171000,Finished,0.0,19.0,25.2,31.5,49.0,2.2,False
2025,23,Qatar Grand Prix,Lusail,S,2025-11-30,10,GAS,gasly,Alpine,alpine,Pierre,Gasly,https://media.formula1.com/d_driver_fallback_image.png/content/dam/fom-website/drivers/P/PIEGAS01_Pierre_Gasly/piegas01.png.transform/1col/image.png,18.0,18,19.0,,,,0 days 00:01:09.534000,Finished,0.0,19.0,25.2,31.5,49.0,2.2,False
2025,23,Qatar Grand Prix,Lusail,S,2025-11-30,18,STR,stroll,Aston Martin,aston_martin,Lance,Stroll,https://media.formula1.com/d_driver_fallback_image.png/content/dam/fom-website/drivers/L/LANSTR01_Lance_Stroll/lanstr01.png.transform/1col/image.png,19.0,19,17.0,,,,0 days 00:01:17.960000,Finished,0.0,19.0,25.2,31.5,49.0,2.2,False
2025,23,Qatar Grand Prix,Lusail,S,2025-11-30,43,COL,colapinto,Alpine,alpine,Franco,Colapinto,,20.0,20,20.0,,,,0 days 00:01:20.804000,Finished,0.0,19.0,25.2,31.5,49.0,2.2,False
2026,2,Chinese Grand Prix,Shanghai,S,2026-03-15,63,RUS,russell,Mercedes,mercedes,George,Russell,https://media.formula1.com/d_driver_fallback_image.png/content/dam/fom-website/drivers/G/GEORUS01_George_Russell/georus01.png.transform/1col/image.png,1.0,1,1.0,,,,0 days 00:33:38.998000,Finished,8.0,19.0,14.9,15.4,49.4,3.9,False
2026,2,Chinese Grand Prix,Shanghai,S,2026-03-15,16,LEC,leclerc,Ferrari,ferrari,Charles,Leclerc,https://media.formula1.com/d_driver_fallback_image.png/content/dam/fom-website/drivers/C/CHALEC01_Charles_Leclerc/chalec01.png.transform/1col/image.png,2.0,2,6.0,,,,0 days 00:00:00.674000,Finished,7.0,19.0,14.9,15.4,49.4,3.9,False
2026,2,Chinese Grand Prix,Shanghai,S,2026-03-15,44,HAM,hamilton,Ferrari,ferrari,Lewis,Hamilton,https://media.formula1.com/d_driver_fallback_image.png/content/dam/fom-website/drivers/L/LEWHAM01_Lewis_Hamilton/lewham01.png.transform/1col/image.png,3.0,3,4.0,,,,0 days 00:00:02.554000,Finished,6.0,19.0,14.9,15.4,49.4,3.9,False
2026,2,Chinese Grand Prix,Shanghai,S,2026-03-15,1,NOR,norris,McLaren,mclaren,Lando,Norris,https://media.formula1.com/d_driver_fallback_image.png/content/dam/fom-website/drivers/L/LANNOR01_Lando_Norris/lannor01.png.transform/1col/image.png,4.0,4,3.0,,,,0 days 00:00:04.433000,Finished,5.0,19.0,14.9,15.4,49.4,3.9,False
2026,2,Chinese Grand Prix,Shanghai,S,2026-03-15,12,ANT,antonelli,Mercedes,mercedes,Kimi,Antonelli,https://media.formula1.com/d_driver_fallback_image.png/content/dam/fom-website/drivers/K/ANDANT01_Kimi_Antonelli/andant01.png.transform/1col/image.png,5.0,5,2.0,,,,0 days 00:00:05.688000,Finished,4.0,19.0,14.9,15.4,49.4,3.9,False
2026,2,Chinese Grand Prix,Shanghai,S,2026-03-15,81,PIA,piastri,McLaren,mclaren,Oscar,Piastri,https://media.formula1.com/d_driver_fallback_image.png/content/dam/fom-website/drivers/O/OSCPIA01_Oscar_Piastri/oscpia01.png.transform/1col/image.png,6.0,6,5.0,,,,0 days 00:00:06.809000,Finished,3.0,19.0,14.9,15.4,49.4,3.9,False
2026,2,Chinese Grand Prix,Shanghai,S,2026-03-15,30,LAW,lawson,Racing Bulls,rb,Liam,Lawson,https://media.formula1.com/d_driver_fallback_image.png/content/dam/fom-website/drivers/L/LIALAW01_Liam_Lawson/lialaw01.png.transform/1col/image.png,7.0,7,13.0,,,,0 days 00:00:10.900000,Finished,2.0,19.0,14.9,15.4,49.4,3.9,False
2026,2,Chinese Grand Prix,Shanghai,S,2026-03-15,87,BEA,bearman,Haas F1 Team,haas,Oliver,Bearman,https://media.formula1.com/d_driver_fallback_image.png/content/dam/fom-website/drivers/O/OLIBEA01_Oliver_Bearman/olibea01.png.transform/1col/image.png,8.0,8,9.0,,,,0 days 00:00:11.271000,Finished,1.0,19.0,14.9,15.4,49.4,3.9,False
2026,2,Chinese Grand Prix,Shanghai,S,2026-03-15,3,VER,max_verstappen,Red Bull Racing,red_bull,Max,Verstappen,https://media.formula1.com/d_driver_fallback_image.png/content/dam/fom-website/drivers/M/MAXVER01_Max_Verstappen/maxver01.png.transform/1col/image.png,9.0,9,8.0,,,,0 days 00:00:11.619000,Finished,0.0,19.0,14.9,15.4,49.4,3.9,False
2026,2,Chinese Grand Prix,Shanghai,S,2026-03-15,31,OCO,ocon,Haas F1 Team,haas,Esteban,Ocon,https://media.formula1.com/d_driver_fallback_image.png/content/dam/fom-website/drivers/E/ESTOCO01_Esteban_Ocon/estoco01.png.transform/1col/image.png,10.0,10,12.0,,,,0 days 00:00:13.887000,Finished,0.0,19.0,14.9,15.4,49.4,3.9,False
2026,2,Chinese Grand Prix,Shanghai,S,2026-03-15,10,GAS,gasly,Alpine,alpine,Pierre,Gasly,https://media.formula1.com/d_driver_fallback_image.png/content/dam/fom-website/drivers/P/PIEGAS01_Pierre_Gasly/piegas01.png.transform/1col/image.png,11.0,11,7.0,,,,0 days 00:00:14.780000,Finished,0.0,19.0,14.9,15.4,49.4,3.9,False
2026,2,Chinese Grand Prix,Shanghai,S,2026-03-15,55,SAI,sainz,Williams,williams,Carlos,Sainz,https://media.formula1.com/d_driver_fallback_image.png/content/dam/fom-website/drivers/C/CARSAI01_Carlos_Sainz/carsai01.png.transform/1col/image.png,12.0,12,17.0,,,,0 days 00:00:15.753000,Finished,0.0,19.0,14.9,15.4,49.4,3.9,False
2026,2,Chinese Grand Prix,Shanghai,S,2026-03-15,5,BOR,bortoleto,Audi,audi,Gabriel,Bortoleto,https://media.formula1.com/d_driver_fallback_image.png/content/dam/fom-website/drivers/G/GABBOR01_Gabriel_Bortoleto/gabbor01.png.transform/1col/image.png,13.0,13,14.0,,,,0 days 00:00:15.858000,Finished,0.0,19.0,14.9,15.4,49.4,3.9,False
2026,2,Chinese Grand Prix,Shanghai,S,2026-03-15,43,COL,colapinto,Alpine,alpine,Franco,Colapinto,https://media.formula1.com/d_driver_fallback_image.png/content/dam/fom-website/drivers/F/FRACOL01_Franco_Colapinto/fracol01.png.transform/1col/image.png,14.0,14,16.0,,,,0 days 00:00:16.393000,Finished,0.0,19.0,14.9,15.4,49.4,3.9,False
2026,2,Chinese Grand Prix,Shanghai,S,2026-03-15,6,HAD,hadjar,Red Bull Racing,red_bull,Isack,Hadjar,https://media.formula1.com/d_driver_fallback_image.png/content/dam/fom-website/drivers/I/ISAHAD01_Isack_Hadjar/isahad01.png.transform/1col/image.png,15.0,15,10.0,,,,0 days 00:00:16.430000,Finished,0.0,19.0,14.9,15.4,49.4,3.9,False
2026,2,Chinese Grand Prix,Shanghai,S,2026-03-15,23,ALB,albon,Williams,williams,Alexander,Albon,https://media.formula1.com/d_driver_fallback_image.png/content/dam/fom-website/drivers/A/ALEALB01_Alexander_Albon/alealb01.png.transform/1col/image.png,16.0,16,22.0,,,,0 days 00:00:20.014000,Finished,0.0,19.0,14.9,15.4,49.4,3.9,False
2026,2,Chinese Grand Prix,Shanghai,S,2026-03-15,14,ALO,alonso,Aston Martin,aston_martin,Fernando,Alonso,https://media.formula1.com/d_driver_fallback_image.png/content/dam/fom-website/drivers/F/FERALO01_Fernando_Alonso/feralo01.png.transform/1col/image.png,17.0,17,18.0,,,,0 days 00:00:21.599000,Finished,0.0,19.0,14.9,15.4,49.4,3.9,False
2026,2,Chinese Grand Prix,Shanghai,S,2026-03-15,18,STR,stroll,Aston Martin,aston_martin,Lance,Stroll,https://media.formula1.com/d_driver_fallback_image.png/content/dam/fom-website/drivers/L/LANSTR01_Lance_Stroll/lanstr01.png.transform/1col/image.png,18.0,18,19.0,,,,0 days 00:00:21.971000,Finished,0.0,19.0,14.9,15.4,49.4,3.9,False
2026,2,Chinese Grand Prix,Shanghai,S,2026-03-15,11,PER,perez,Cadillac,cadillac,Sergio,Perez,https://media.formula1.com/d_driver_fallback_image.png/content/dam/fom-website/drivers/S/SERPER01_Sergio_Perez/serper01.png.transform/1col/image.png,19.0,19,21.0,,,,0 days 00:00:28.241000,Finished,0.0,19.0,14.9,15.4,49.4,3.9,False
2026,2,Chinese Grand Prix,Shanghai,S,2026-03-15,27,HUL,hulkenberg,Audi,audi,Nico,Hulkenberg,https://media.formula1.com/d_driver_fallback_image.png/content/dam/fom-website/drivers/N/NICHUL01_Nico_Hulkenberg/nichul01.png.transform/1col/image.png,20.0,R,11.0,,,,,Retired,0.0,12.0,14.9,15.4,49.4,3.9,False
2026,2,Chinese Grand Prix,Shanghai,S,2026-03-15,77,BOT,bottas,Cadillac,cadillac,Valtteri,Bottas,https://media.formula1.com/d_driver_fallback_image.png/content/dam/fom-website/drivers/V/VALBOT01_Valtteri_Bottas/valbot01.png.transform/1col/image.png,21.0,R,20.0,,,,,Retired,0.0,12.0,14.9,15.4,49.4,3.9,False
2026,2,Chinese Grand Prix,Shanghai,S,2026-03-15,41,LIN,arvid_lindblad,Racing Bulls,rb,Arvid,Lindblad,https://media.formula1.com/d_driver_fallback_image.png/content/dam/fom-website/drivers/A/ARVLIN01_Arvid_Lindblad/arvlin01.png.transform/1col/image.png,22.0,R,15.0,,,,,Retired,0.0,11.0,14.9,15.4,49.4,3.9,False
2026,4,Miami Grand Prix,Miami Gardens,S,2026-05-03,1,NOR,norris,McLaren,mclaren,Lando,Norris,https://media.formula1.com/d_driver_fallback_image.png/content/dam/fom-website/drivers/L/LANNOR01_Lando_Norris/lannor01.png.transform/1col/image.png,1.0,1,1.0,,,,0 days 00:29:15.045000,Finished,8.0,19.0,31.7,49.0,51.4,2.0,False
2026,4,Miami Grand Prix,Miami Gardens,S,2026-05-03,81,PIA,piastri,McLaren,mclaren,Oscar,Piastri,https://media.formula1.com/d_driver_fallback_image.png/content/dam/fom-website/drivers/O/OSCPIA01_Oscar_Piastri/oscpia01.png.transform/1col/image.png,2.0,2,3.0,,,,0 days 00:00:03.766000,Finished,7.0,19.0,31.7,49.0,51.4,2.0,False
2026,4,Miami Grand Prix,Miami Gardens,S,2026-05-03,16,LEC,leclerc,Ferrari,ferrari,Charles,Leclerc,https://media.formula1.com/d_driver_fallback_image.png/content/dam/fom-website/drivers/C/CHALEC01_Charles_Leclerc/chalec01.png.transform/1col/image.png,3.0,3,4.0,,,,0 days 00:00:06.251000,Finished,6.0,19.0,31.7,49.0,51.4,2.0,False
2026,4,Miami Grand Prix,Miami Gardens,S,2026-05-03,63,RUS,russell,Mercedes,mercedes,George,Russell,https://media.formula1.com/d_driver_fallback_image.png/content/dam/fom-website/drivers/G/GEORUS01_George_Russell/georus01.png.transform/1col/image.png,4.0,4,6.0,,,,0 days 00:00:12.951000,Finished,5.0,19.0,31.7,49.0,51.4,2.0,False
2026,4,Miami Grand Prix,Miami Gardens,S,2026-05-03,3,VER,max_verstappen,Red Bull Racing,red_bull,Max,Verstappen,https://media.formula1.com/d_driver_fallback_image.png/content/dam/fom-website/drivers/M/MAXVER01_Max_Verstappen/maxver01.png.transform/1col/image.png,5.0,5,5.0,,,,0 days 00:00:13.639000,Finished,4.0,19.0,31.7,49.0,51.4,2.0,False
2026,4,Miami Grand Prix,Miami Gardens,S,2026-05-03,12,ANT,antonelli,Mercedes,mercedes,Kimi,Antonelli,https://media.formula1.com/d_driver_fallback_image.png/content/dam/fom-website/drivers/K/ANDANT01_Kimi_Antonelli/andant01.png.transform/1col/image.png,6.0,6,2.0,,,,0 days 00:00:13.777000,Finished,3.0,19.0,31.7,49.0,51.4,2.0,False
2026,4,Miami Grand Prix,Miami Gardens,S,2026-05-03,44,HAM,hamilton,Ferrari,ferrari,Lewis,Hamilton,https://media.formula1.com/d_driver_fallback_image.png/content/dam/fom-website/drivers/L/LEWHAM01_Lewis_Hamilton/lewham01.png.transform/1col/image.png,7.0,7,7.0,,,,0 days 00:00:21.665000,Finished,2.0,19.0,31.7,49.0,51.4,2.0,False
2026,4,Miami Grand Prix,Miami Gardens,S,2026-05-03,10,GAS,gasly,Alpine,alpine,Pierre,Gasly,https://media.formula1.com/d_driver_fallback_image.png/content/dam/fom-website/drivers/P/PIEGAS01_Pierre_Gasly/piegas01.png.transform/1col/image.png,8.0,8,10.0,,,,0 days 00:00:30.525000,Finished,1.0,19.0,31.7,49.0,51.4,2.0,False
2026,4,Miami Grand Prix,Miami Gardens,S,2026-05-03,6,HAD,hadjar,Red Bull Racing,red_bull,Isack,Hadjar,https://media.formula1.com/d_driver_fallback_image.png/content/dam/fom-website/drivers/I/ISAHAD01_Isack_Hadjar/isahad01.png.transform/1col/image.png,9.0,9,9.0,,,,0 days 00:00:35.346000,Finished,0.0,19.0,31.7,49.0,51.4,2.0,False
2026,4,Miami Grand Prix,Miami Gardens,S,2026-05-03,43,COL,colapinto,Alpine,alpine,Franco,Colapinto,https://media.formula1.com/d_driver_fallback_image.png/content/dam/fom-website/drivers/F/FRACOL01_Franco_Colapinto/fracol01.png.transform/1col/image.png,10.0,10,8.0,,,,0 days 00:00:36.970000,Finished,0.0,19.0,31.7,49.0,51.4,2.0,False
2026,4,Miami Grand Prix,Miami Gardens,S,2026-05-03,31,OCO,ocon,Haas F1 Team,haas,Esteban,Ocon,https://media.formula1.com/d_driver_fallback_image.png/content/dam/fom-website/drivers/E/ESTOCO01_Esteban_Ocon/estoco01.png.transform/1col/image.png,11.0,11,16.0,,,,0 days 00:00:56.972000,Finished,0.0,19.0,31.7,49.0,51.4,2.0,False
2026,4,Miami Grand Prix,Miami Gardens,S,2026-05-03,87,BEA,bearman,Haas F1 Team,haas,Oliver,Bearman,https://media.formula1.com/d_driver_fallback_image.png/content/dam/fom-website/drivers/O/OLIBEA01_Oliver_Bearman/olibea01.png.transform/1col/image.png,12.0,12,13.0,,,,0 days 00:00:57.365000,Finished,0.0,19.0,31.7,49.0,51.4,2.0,False
2026,4,Miami Grand Prix,Miami Gardens,S,2026-05-03,55,SAI,sainz,Williams,williams,Carlos,Sainz,https://media.formula1.com/d_driver_fallback_image.png/content/dam/fom-website/drivers/C/CARSAI01_Carlos_Sainz/carsai01.png.transform/1col/image.png,13.0,13,14.0,,,,0 days 00:00:58.504000,Finished,0.0,19.0,31.7,49.0,51.4,2.0,False
2026,4,Miami Grand Prix,Miami Gardens,S,2026-05-03,30,LAW,lawson,Racing Bulls,rb,Liam,Lawson,https://media.formula1.com/d_driver_fallback_image.png/content/dam/fom-website/drivers/L/LIALAW01_Liam_Lawson/lialaw01.png.transform/1col/image.png,14.0,14,15.0,,,,0 days 00:00:59.358000,Finished,0.0,19.0,31.7,49.0,51.4,2.0,False
2026,4,Miami Grand Prix,Miami Gardens,S,2026-05-03,14,ALO,alonso,Aston Martin,aston_martin,Fernando,Alonso,https://media.formula1.com/d_driver_fallback_image.png/content/dam/fom-website/drivers/F/FERALO01_Fernando_Alonso/feralo01.png.transform/1col/image.png,15.0,15,20.0,,,,0 days 00:01:16.067000,Finished,0.0,19.0,31.7,49.0,51.4,2.0,False
2026,4,Miami Grand Prix,Miami Gardens,S,2026-05-03,11,PER,perez,Cadillac,cadillac,Sergio,Perez,https://media.formula1.com/d_driver_fallback_image.png/content/dam/fom-website/drivers/S/SERPER01_Sergio_Perez/serper01.png.transform/1col/image.png,16.0,16,17.0,,,,0 days 00:01:16.691000,Finished,0.0,19.0,31.7,49.0,51.4,2.0,False
2026,4,Miami Grand Prix,Miami Gardens,S,2026-05-03,18,STR,stroll,Aston Martin,aston_martin,Lance,Stroll,https://media.formula1.com/d_driver_fallback_image.png/content/dam/fom-website/drivers/L/LANSTR01_Lance_Stroll/lanstr01.png.transform/1col/image.png,17.0,17,21.0,,,,0 days 00:01:17.626000,Finished,0.0,19.0,31.7,49.0,51.4,2.0,False
2026,4,Miami Grand Prix,Miami Gardens,S,2026-05-03,23,ALB,albon,Williams,williams,Alexander,Albon,https://media.formula1.com/d_driver_fallback_image.png/content/dam/fom-website/drivers/A/ALEALB01_Alexander_Albon/alealb01.png.transform/1col/image.png,18.0,18,18.0,,,,0 days 00:01:28.173000,Finished,0.0,19.0,31.7,49.0,51.4,2.0,False
2026,4,Miami Grand Prix,Miami Gardens,S,2026-05-03,77,BOT,bottas,Cadillac,cadillac,Valtteri,Bottas,https://media.formula1.com/d_driver_fallback_image.png/content/dam/fom-website/drivers/V/VALBOT01_Valtteri_Bottas/valbot01.png.transform/1col/image.png,19.0,19,19.0,,,,0 days 00:01:29.597000,Finished,0.0,19.0,31.7,49.0,51.4,2.0,False
2026,4,Miami Grand Prix,Miami Gardens,S,2026-05-03,27,HUL,hulkenberg,Audi,audi,Nico,Hulkenberg,https://media.formula1.com/d_driver_fallback_image.png/content/dam/fom-website/drivers/N/NICHUL01_Nico_Hulkenberg/nichul01.png.transform/1col/image.png,20.0,W,12.0,,,,,Did not start,0.0,0.0,31.7,49.0,51.4,2.0,False
2026,4,Miami Grand Prix,Miami Gardens,S,2026-05-03,41,LIN,arvid_lindblad,Racing Bulls,rb,Arvid,Lindblad,https://media.formula1.com/d_driver_fallback_image.png/content/dam/fom-website/drivers/A/ARVLIN01_Arvid_Lindblad/arvlin01.png.transform/1col/image.png,21.0,W,22.0,,,,,Did not start,0.0,0.0,31.7,49.0,51.4,2.0,False
2026,4,Miami Grand Prix,Miami Gardens,S,2026-05-03,5,BOR,bortoleto,Audi,audi,Gabriel,Bortoleto,https://media.formula1.com/d_driver_fallback_image.png/content/dam/fom-website/drivers/G/GABBOR01_Gabriel_Bortoleto/gabbor01.png.transform/1col/image.png,22.0,D,11.0,,,,,Disqualified,0.0,19.0,31.7,49.0,51.4,2.0,False
2026,5,Canadian Grand Prix,Montréal,S,2026-05-24,63,RUS,russell,Mercedes,mercedes,George,Russell,https://media.formula1.com/d_driver_fallback_image.png/content/dam/fom-website/drivers/G/GEORUS01_George_Russell/georus01.png.transform/1col/image.png,1.0,1,1.0,,,,0 days 00:28:50.951000,Finished,8.0,23.0,20.0,31.7,25.5,1.3,False
2026,5,Canadian Grand Prix,Montréal,S,2026-05-24,1,NOR,norris,McLaren,mclaren,Lando,Norris,https://media.formula1.com/d_driver_fallback_image.png/content/dam/fom-website/drivers/L/LANNOR01_Lando_Norris/lannor01.png.transform/1col/image.png,2.0,2,3.0,,,,0 days 00:00:01.272000,Finished,7.0,23.0,20.0,31.7,25.5,1.3,False
2026,5,Canadian Grand Prix,Montréal,S,2026-05-24,12,ANT,antonelli,Mercedes,mercedes,Kimi,Antonelli,https://media.formula1.com/d_driver_fallback_image.png/content/dam/fom-website/drivers/K/ANDANT01_Kimi_Antonelli/andant01.png.transform/1col/image.png,3.0,3,2.0,,,,0 days 00:00:01.843000,Finished,6.0,23.0,20.0,31.7,25.5,1.3,False
2026,5,Canadian Grand Prix,Montréal,S,2026-05-24,81,PIA,piastri,McLaren,mclaren,Oscar,Piastri,https://media.formula1.com/d_driver_fallback_image.png/content/dam/fom-website/drivers/O/OSCPIA01_Oscar_Piastri/oscpia01.png.transform/1col/image.png,4.0,4,4.0,,,,0 days 00:00:09.797000,Finished,5.0,23.0,20.0,31.7,25.5,1.3,False
2026,5,Canadian Grand Prix,Montréal,S,2026-05-24,16,LEC,leclerc,Ferrari,ferrari,Charles,Leclerc,https://media.formula1.com/d_driver_fallback_image.png/content/dam/fom-website/drivers/C/CHALEC01_Charles_Leclerc/chalec01.png.transform/1col/image.png,5.0,5,6.0,,,,0 days 00:00:09.929000,Finished,4.0,23.0,20.0,31.7,25.5,1.3,False
2026,5,Canadian Grand Prix,Montréal,S,2026-05-24,44,HAM,hamilton,Ferrari,ferrari,Lewis,Hamilton,https://media.formula1.com/d_driver_fallback_image.png/content/dam/fom-website/drivers/L/LEWHAM01_Lewis_Hamilton/lewham01.png.transform/1col/image.png,6.0,6,5.0,,,,0 days 00:00:10.545000,Finished,3.0,23.0,20.0,31.7,25.5,1.3,False
2026,5,Canadian Grand Prix,Montréal,S,2026-05-24,3,VER,max_verstappen,Red Bull Racing,red_bull,Max,Verstappen,https://media.formula1.com/d_driver_fallback_image.png/content/dam/fom-website/drivers/M/MAXVER01_Max_Verstappen/maxver01.png.transform/1col/image.png,7.0,7,7.0,,,,0 days 00:00:15.935000,Finished,2.0,23.0,20.0,31.7,25.5,1.3,False
2026,5,Canadian Grand Prix,Montréal,S,2026-05-24,41,LIN,arvid_lindblad,Racing Bulls,rb,Arvid,Lindblad,https://media.formula1.com/d_driver_fallback_image.png/content/dam/fom-website/drivers/A/ARVLIN01_Arvid_Lindblad/arvlin01.png.transform/1col/image.png,8.0,8,9.0,,,,0 days 00:00:29.710000,Finished,1.0,23.0,20.0,31.7,25.5,1.3,False
2026,5,Canadian Grand Prix,Montréal,S,2026-05-24,43,COL,colapinto,Alpine,alpine,Franco,Colapinto,https://media.formula1.com/d_driver_fallback_image.png/content/dam/fom-website/drivers/F/FRACOL01_Franco_Colapinto/fracol01.png.transform/1col/image.png,9.0,9,13.0,,,,0 days 00:00:31.621000,Finished,0.0,23.0,20.0,31.7,25.5,1.3,False
2026,5,Canadian Grand Prix,Montréal,S,2026-05-24,55,SAI,sainz,Williams,williams,Carlos,Sainz,https://media.formula1.com/d_driver_fallback_image.png/content/dam/fom-website/drivers/C/CARSAI01_Carlos_Sainz/carsai01.png.transform/1col/image.png,10.0,10,10.0,,,,0 days 00:00:36.793000,Finished,0.0,23.0,20.0,31.7,25.5,1.3,False
2026,5,Canadian Grand Prix,Montréal,S,2026-05-24,30,LAW,lawson,Racing Bulls,rb,Liam,Lawson,https://media.formula1.com/d_driver_fallback_image.png/content/dam/fom-website/drivers/L/LIALAW01_Liam_Lawson/lialaw01.png.transform/1col/image.png,11.0,11,18.0,,,,0 days 00:01:01.344000,Finished,0.0,23.0,20.0,31.7,25.5,1.3,False
2026,5,Canadian Grand Prix,Montréal,S,2026-05-24,5,BOR,bortoleto,Audi,audi,Gabriel,Bortoleto,https://media.formula1.com/d_driver_fallback_image.png/content/dam/fom-website/drivers/G/GABBOR01_Gabriel_Bortoleto/gabbor01.png.transform/1col/image.png,12.0,12,12.0,,,,0 days 00:01:01.814000,Finished,0.0,23.0,20.0,31.7,25.5,1.3,False
2026,5,Canadian Grand Prix,Montréal,S,2026-05-24,31,OCO,ocon,Haas F1 Team,haas,Esteban,Ocon,https://media.formula1.com/d_driver_fallback_image.png/content/dam/fom-website/drivers/E/ESTOCO01_Esteban_Ocon/estoco01.png.transform/1col/image.png,13.0,13,14.0,,,,0 days 00:01:04.209000,Finished,0.0,23.0,20.0,31.7,25.5,1.3,False
2026,5,Canadian Grand Prix,Montréal,S,2026-05-24,11,PER,perez,Cadillac,cadillac,Sergio,Perez,https://media.formula1.com/d_driver_fallback_image.png/content/dam/fom-website/drivers/S/SERPER01_Sergio_Perez/serper01.png.transform/1col/image.png,14.0,14,16.0,,,,0 days 00:01:10.402000,Finished,0.0,23.0,20.0,31.7,25.5,1.3,False
2026,5,Canadian Grand Prix,Montréal,S,2026-05-24,27,HUL,hulkenberg,Audi,audi,Nico,Hulkenberg,https://media.formula1.com/d_driver_fallback_image.png/content/dam/fom-website/drivers/N/NICHUL01_Nico_Hulkenberg/nichul01.png.transform/1col/image.png,15.0,15,11.0,,,,0 days 00:01:12.158000,Finished,0.0,23.0,20.0,31.7,25.5,1.3,False
2026,5,Canadian Grand Prix,Montréal,S,2026-05-24,18,STR,stroll,Aston Martin,aston_martin,Lance,Stroll,https://media.formula1.com/d_driver_fallback_image.png/content/dam/fom-website/drivers/L/LANSTR01_Lance_Stroll/lanstr01.png.transform/1col/image.png,16.0,16,17.0,,,,0 days 00:00:13.127000,Lapped,0.0,22.0,20.0,31.7,25.5,1.3,False
2026,5,Canadian Grand Prix,Montréal,S,2026-05-24,77,BOT,bottas,Cadillac,cadillac,Valtteri,Bottas,https://media.formula1.com/d_driver_fallback_image.png/content/dam/fom-website/drivers/V/VALBOT01_Valtteri_Bottas/valbot01.png.transform/1col/image.png,17.0,17,21.0,,,,0 days 00:00:17.861000,Lapped,0.0,22.0,20.0,31.7,25.5,1.3,False
2026,5,Canadian Grand Prix,Montréal,S,2026-05-24,87,BEA,bearman,Haas F1 Team,haas,Oliver,Bearman,https://media.formula1.com/d_driver_fallback_image.png/content/dam/fom-website/drivers/O/OLIBEA01_Oliver_Bearman/olibea01.png.transform/1col/image.png,18.0,18,19.0,,,,0 days 00:00:23.846000,Lapped,0.0,22.0,20.0,31.7,25.5,1.3,False
2026,5,Canadian Grand Prix,Montréal,S,2026-05-24,23,ALB,albon,Williams,williams,Alexander,Albon,https://media.formula1.com/d_driver_fallback_image.png/content/dam/fom-website/drivers/A/ALEALB01_Alexander_Albon/alealb01.png.transform/1col/image.png,19.0,19,22.0,,,,0 days 00:00:53.493000,Lapped,0.0,22.0,20.0,31.7,25.5,1.3,False
2026,5,Canadian Grand Prix,Montréal,S,2026-05-24,10,GAS,gasly,Alpine,alpine,Pierre,Gasly,https://media.formula1.com/d_driver_fallback_image.png/content/dam/fom-website/drivers/P/PIEGAS01_Pierre_Gasly/piegas01.png.transform/1col/image.png,20.0,20,20.0,,,,0 days 00:01:08.477000,Lapped,0.0,22.0,20.0,31.7,25.5,1.3,False
2026,5,Canadian Grand Prix,Montréal,S,2026-05-24,6,HAD,hadjar,Red Bull Racing,red_bull,Isack,Hadjar,https://media.formula1.com/d_driver_fallback_image.png/content/dam/fom-website/drivers/I/ISAHAD01_Isack_Hadjar/isahad01.png.transform/1col/image.png,21.0,21,8.0,,,,0 days 00:00:18.135000,Lapped,0.0,20.0,20.0,31.7,25.5,1.3,False
2026,5,Canadian Grand Prix,Montréal,S,2026-05-24,14,ALO,alonso,Aston Martin,aston_martin,Fernando,Alonso,https://media.formula1.com/d_driver_fallback_image.png/content/dam/fom-website/drivers/F/FERALO01_Fernando_Alonso/feralo01.png.transform/1col/image.png,22.0,R,15.0,,,,,Retired,0.0,15.0,20.0,31.7,25.5,1.3,False
2026,9,British Grand Prix,Silverstone,S,2026-07-05,12,ANT,antonelli,Mercedes,mercedes,Kimi,Antonelli,https://media.formula1.com/d_driver_fallback_image.png/content/dam/fom-website/drivers/K/ANDANT01_Kimi_Antonelli/andant01.png.transform/1col/image.png,1.0,1,2.0,,,,0 days 00:26:12.129000,Finished,8.0,17.0,22.6,37.4,55.0,2.2,False
2026,9,British Grand Prix,Silverstone,S,2026-07-05,44,HAM,hamilton,Ferrari,ferrari,Lewis,Hamilton,https://media.formula1.com/d_driver_fallback_image.png/content/dam/fom-website/drivers/L/LEWHAM01_Lewis_Hamilton/lewham01.png.transform/1col/image.png,2.0,2,1.0,,,,0 days 00:00:02.745000,Finished,7.0,17.0,22.6,37.4,55.0,2.2,False
2026,9,British Grand Prix,Silverstone,S,2026-07-05,1,NOR,norris,McLaren,mclaren,Lando,Norris,https://media.formula1.com/d_driver_fallback_image.png/content/dam/fom-website/drivers/L/LANNOR01_Lando_Norris/lannor01.png.transform/1col/image.png,3.0,3,6.0,,,,0 days 00:00:09.783000,Finished,6.0,17.0,22.6,37.4,55.0,2.2,False
2026,9,British Grand Prix,Silverstone,S,2026-07-05,63,RUS,russell,Mercedes,mercedes,George,Russell,https://media.formula1.com/d_driver_fallback_image.png/content/dam/fom-website/drivers/G/GEORUS01_George_Russell/georus01.png.transform/1col/image.png,4.0,4,5.0,,,,0 days 00:00:10.639000,Finished,5.0,17.0,22.6,37.4,55.0,2.2,False
2026,9,British Grand Prix,Silverstone,S,2026-07-05,16,LEC,leclerc,Ferrari,ferrari,Charles,Leclerc,https://media.formula1.com/d_driver_fallback_image.png/content/dam/fom-website/drivers/C/CHALEC01_Charles_Leclerc/chalec01.png.transform/1col/image.png,5.0,5,4.0,,,,0 days 00:00:12.620000,Finished,4.0,17.0,22.6,37.4,55.0,2.2,False
2026,9,British Grand Prix,Silverstone,S,2026-07-05,3,VER,max_verstappen,Red Bull Racing,red_bull,Max,Verstappen,https://media.formula1.com/d_driver_fallback_image.png/content/dam/fom-website/drivers/M/MAXVER01_Max_Verstappen/maxver01.png.transform/1col/image.png,6.0,6,3.0,,,,0 days 00:00:16.550000,Finished,3.0,17.0,22.6,37.4,55.0,2.2,False
2026,9,British Grand Prix,Silverstone,S,2026-07-05,81,PIA,piastri,McLaren,mclaren,Oscar,Piastri,https://media.formula1.com/d_driver_fallback_image.png/content/dam/fom-website/drivers/O/OSCPIA01_Oscar_Piastri/oscpia01.png.transform/1col/image.png,7.0,7,7.0,,,,0 days 00:00:17.551000,Finished,2.0,17.0,22.6,37.4,55.0,2.2,False
2026,9,British Grand Prix,Silverstone,S,2026-07-05,30,LAW,lawson,Racing Bulls,rb,Liam,Lawson,https://media.formula1.com/d_driver_fallback_image.png/content/dam/fom-website/drivers/L/LIALAW01_Liam_Lawson/lialaw01.png.transform/1col/image.png,8.0,8,9.0,,,,0 days 00:00:30.233000,Finished,1.0,17.0,22.6,37.4,55.0,2.2,False
2026,9,British Grand Prix,Silverstone,S,2026-07-05,6,HAD,hadjar,Red Bull Racing,red_bull,Isack,Hadjar,https://media.formula1.com/d_driver_fallback_image.png/content/dam/fom-website/drivers/I/ISAHAD01_Isack_Hadjar/isahad01.png.transform/1col/image.png,9.0,9,8.0,,,,0 days 00:00:30.953000,Finished,0.0,17.0,22.6,37.4,55.0,2.2,False
2026,9,British Grand Prix,Silverstone,S,2026-07-05,41,LIN,arvid_lindblad,Racing Bulls,rb,Arvid,Lindblad,https://media.formula1.com/d_driver_fallback_image.png/content/dam/fom-website/drivers/A/ARVLIN01_Arvid_Lindblad/arvlin01.png.transform/1col/image.png,10.0,10,10.0,,,,0 days 00:00:35.110000,Finished,0.0,17.0,22.6,37.4,55.0,2.2,False
2026,9,British Grand Prix,Silverstone,S,2026-07-05,10,GAS,gasly,Alpine,alpine,Pierre,Gasly,https://media.formula1.com/d_driver_fallback_image.png/content/dam/fom-website/drivers/P/PIEGAS01_Pierre_Gasly/piegas01.png.transform/1col/image.png,11.0,11,11.0,,,,0 days 00:00:40.273000,Finished,0.0,17.0,22.6,37.4,55.0,2.2,False
2026,9,British Grand Prix,Silverstone,S,2026-07-05,43,COL,colapinto,Alpine,alpine,Franco,Colapinto,https://media.formula1.com/d_driver_fallback_image.png/content/dam/fom-website/drivers/F/FRACOL01_Franco_Colapinto/fracol01.png.transform/1col/image.png,12.0,12,14.0,,,,0 days 00:00:41.026000,Finished,0.0,17.0,22.6,37.4,55.0,2.2,False
2026,9,British Grand Prix,Silverstone,S,2026-07-05,5,BOR,bortoleto,Audi,audi,Gabriel,Bortoleto,https://media.formula1.com/d_driver_fallback_image.png/content/dam/fom-website/drivers/G/GABBOR01_Gabriel_Bortoleto/gabbor01.png.transform/1col/image.png,13.0,13,12.0,,,,0 days 00:00:42.499000,Finished,0.0,17.0,22.6,37.4,55.0,2.2,False
2026,9,British Grand Prix,Silverstone,S,2026-07-05,87,BEA,bearman,Haas F1 Team,haas,Oliver,Bearman,https://media.formula1.com/d_driver_fallback_image.png/content/dam/fom-website/drivers/O/OLIBEA01_Oliver_Bearman/olibea01.png.transform/1col/image.png,14.0,14,16.0,,,,0 days 00:00:45.784000,Finished,0.0,17.0,22.6,37.4,55.0,2.2,False
2026,9,British Grand Prix,Silverstone,S,2026-07-05,27,HUL,hulkenberg,Audi,audi,Nico,Hulkenberg,https://media.formula1.com/d_driver_fallback_image.png/content/dam/fom-website/drivers/N/NICHUL01_Nico_Hulkenberg/nichul01.png.transform/1col/image.png,15.0,15,13.0,,,,0 days 00:00:46.680000,Finished,0.0,17.0,22.6,37.4,55.0,2.2,False
2026,9,British Grand Prix,Silverstone,S,2026-07-05,31,OCO,ocon,Haas F1 Team,haas,Esteban,Ocon,https://media.formula1.com/d_driver_fallback_image.png/content/dam/fom-website/drivers/E/ESTOCO01_Esteban_Ocon/estoco01.png.transform/1col/image.png,16.0,16,17.0,,,,0 days 00:00:49.810000,Finished,0.0,17.0,22.6,37.4,55.0,2.2,False
2026,9,British Grand Prix,Silverstone,S,2026-07-05,55,SAI,sainz,Williams,williams,Carlos,Sainz,https://media.formula1.com/d_driver_fallback_image.png/content/dam/fom-website/drivers/C/CARSAI01_Carlos_Sainz/carsai01.png.transform/1col/image.png,17.0,17,15.0,,,,0 days 00:00:50.379000,Finished,0.0,17.0,22.6,37.4,55.0,2.2,False
2026,9,British Grand Prix,Silverstone,S,2026-07-05,23,ALB,albon,Williams,williams,Alexander,Albon,https://media.formula1.com/d_driver_fallback_image.png/content/dam/fom-website/drivers/A/ALEALB01_Alexander_Albon/alealb01.png.transform/1col/image.png,18.0,18,22.0,,,,0 days 00:00:50.757000,Finished,0.0,17.0,22.6,37.4,55.0,2.2,False
2026,9,British Grand Prix,Silverstone,S,2026-07-05,77,BOT,bottas,Cadillac,cadillac,Valtteri,Bottas,https://media.formula1.com/d_driver_fallback_image.png/content/dam/fom-website/drivers/V/VALBOT01_Valtteri_Bottas/valbot01.png.transform/1col/image.png,19.0,19,19.0,,,,0 days 00:01:15.117000,Finished,0.0,17.0,22.6,37.4,55.0,2.2,False
2026,9,British Grand Prix,Silverstone,S,2026-07-05,14,ALO,alonso,Aston Martin,aston_martin,Fernando,Alonso,https://media.formula1.com/d_driver_fallback_image.png/content/dam/fom-website/drivers/F/FERALO01_Fernando_Alonso/feralo01.png.transform/1col/image.png,20.0,20,20.0,,,,0 days 00:01:31.872000,Finished,0.0,17.0,22.6,37.4,55.0,2.2,False
2026,9,British Grand Prix,Silverstone,S,2026-07-05,18,STR,stroll,Aston Martin,aston_martin,Lance,Stroll,https://media.formula1.com/d_driver_fallback_image.png/content/dam/fom-website/drivers/L/LANSTR01_Lance_Stroll/lanstr01.png.transform/1col/image.png,21.0,21,21.0,,,,0 days 00:00:22.277000,Lapped,0.0,16.0,22.6,37.4,55.0,2.2,False
2026,9,British Grand Prix,Silverstone,S,2026-07-05,11,PER,perez,Cadillac,cadillac,Sergio,Perez,https://media.formula1.com/d_driver_fallback_image.png/content/dam/fom-website/drivers/S/SERPER01_Sergio_Perez/serper01.png.transform/1col/image.png,22.0,22,18.0,,,,0 days 00:00:33.566000,Lapped,0.0,16.0,22.6,37.4,55.0,2.2,False
2026,12,Dutch Grand Prix,Zandvoort,S,2026-08-23,63,RUS,russell,Mercedes,mercedes,George,Russell,https://media.formula1.com/d_driver_fallback_image.png/content/dam/fom-website/drivers/G/GEORUS01_George_Russell/georus01.png.transform/1col/image.png,1.0,1,1.0,,,,0 days 00:30:25.318000,Finished,8.0,24.0,17.8,25.4,62.8,2.7,True
2026,12,Dutch Grand Prix,Zandvoort,S,2026-08-23,16,LEC,leclerc,Ferrari,ferrari,Charles,Leclerc,https://media.formula1.com/d_driver_fallback_image.png/content/dam/fom-website/drivers/C/CHALEC01_Charles_Leclerc/chalec01.png.transform/1col/image.png,2.0,2,3.0,,,,0 days 00:00:01.360000,Finished,7.0,24.0,17.8,25.4,62.8,2.7,True
2026,12,Dutch Grand Prix,Zandvoort,S,2026-08-23,1,NOR,norris,McLaren,mclaren,Lando,Norris,https://media.formula1.com/d_driver_fallback_image.png/content/dam/fom-website/drivers/L/LANNOR01_Lando_Norris/lannor01.png.transform/1col/image.png,3.0,3,2.0,,,,0 days 00:00:05.196000,Finished,6.0,24.0,17.8,25.4,62.8,2.7,True
2026,12,Dutch Grand Prix,Zandvoort,S,2026-08-23,12,ANT,antonelli,Mercedes,mercedes,Kimi,Antonelli,https://media.formula1.com/d_driver_fallback_image.png/content/dam/fom-website/drivers/K/ANDANT01_Kimi_Antonelli/andant01.png.transform/1col/image.png,4.0,4,5.0,,,,0 days 00:00:05.581000,Finished,5.0,24.0,17.8,25.4,62.8,2.7,True
2026,12,Dutch Grand Prix,Zandvoort,S,2026-08-23,81,PIA,piastri,McLaren,mclaren,Oscar,Piastri,https://media.formula1.com/d_driver_fallback_image.png/content/dam/fom-website/drivers/O/OSCPIA01_Oscar_Piastri/oscpia01.png.transform/1col/image.png,5.0,5,4.0,,,,0 days 00:00:10.185000,Finished,4.0,24.0,17.8,25.4,62.8,2.7,True
2026,12,Dutch Grand Prix,Zandvoort,S,2026-08-23,3,VER,max_verstappen,Red Bull Racing,red_bull,Max,Verstappen,https://media.formula1.com/d_driver_fallback_image.png/content/dam/fom-website/drivers/M/MAXVER01_Max_Verstappen/maxver01.png.transform/1col/image.png,6.0,6,6.0,,,,0 days 00:00:10.529000,Finished,3.0,24.0,17.8,25.4,62.8,2.7,True
2026,12,Dutch Grand Prix,Zandvoort,S,2026-08-23,44,HAM,hamilton,Ferrari,ferrari,Lewis,Hamilton,https://media.formula1.com/d_driver_fallback_image.png/content/dam/fom-website/drivers/L/LEWHAM01_Lewis_Hamilton/lewham01.png.transform/1col/image.png,7.0,7,7.0,,,,0 days 00:00:12.188000,Finished,2.0,24.0,17.8,25.4,62.8,2.7,True
2026,12,Dutch Grand Prix,Zandvoort,S,2026-08-23,10,GAS,gasly,Alpine,alpine,Pierre,Gasly,https://media.formula1.com/d_driver_fallback_image.png/content/dam/fom-website/drivers/P/PIEGAS01_Pierre_Gasly/piegas01.png.transform/1col/image.png,8.0,8,8.0,,,,0 days 00:00:42.510000,Finished,1.0,24.0,17.8,25.4,62.8,2.7,True
2026,12,Dutch Grand Prix,Zandvoort,S,2026-08-23,5,BOR,bortoleto,Audi,audi,Gabriel,Bortoleto,https://media.formula1.com/d_driver_fallback_image.png/content/dam/fom-website/drivers/G/GABBOR01_Gabriel_Bortoleto/gabbor01.png.transform/1col/image.png,9.0,9,9.0,,,,0 days 00:00:44.437000,Finished,0.0,24.0,17.8,25.4,62.8,2.7,True
2026,12,Dutch Grand Prix,Zandvoort,S,2026-08-23,41,LIN,arvid_lindblad,Racing Bulls,rb,Arvid,Lindblad,https://media.formula1.com/d_driver_fallback_image.png/content/dam/fom-website/drivers/A/ARVLIN01_Arvid_Lindblad/arvlin01.png.transform/1col/image.png,10.0,10,10.0,,,,0 days 00:00:44.971000,Finished,0.0,24.0,17.8,25.4,62.8,2.7,True
2026,12,Dutch Grand Prix,Zandvoort,S,2026-08-23,30,LAW,lawson,Red Bull Racing,red_bull,Liam,Lawson,https://media.formula1.com/d_driver_fallback_image.png/content/dam/fom-website/drivers/L/LIALAW01_Liam_Lawson/lialaw01.png.transform/1col/image.png,11.0,11,11.0,,,,0 days 00:00:47.471000,Finished,0.0,24.0,17.8,25.4,62.8,2.7,True
2026,12,Dutch Grand Prix,Zandvoort,S,2026-08-23,43,COL,colapinto,Alpine,alpine,Franco,Colapinto,https://media.formula1.com/d_driver_fallback_image.png/content/dam/fom-website/drivers/F/FRACOL01_Franco_Colapinto/fracol01.png.transform/1col/image.png,12.0,12,13.0,,,,0 days 00:00:54.466000,Finished,0.0,24.0,17.8,25.4,62.8,2.7,True
2026,12,Dutch Grand Prix,Zandvoort,S,2026-08-23,22,TSU,tsunoda,Racing Bulls,rb,Yuki,Tsunoda,,13.0,13,12.0,,,,0 days 00:00:56.483000,Finished,0.0,24.0,17.8,25.4,62.8,2.7,True
2026,12,Dutch Grand Prix,Zandvoort,S,2026-08-23,31,OCO,ocon,Haas F1 Team,haas,Esteban,Ocon,https://media.formula1.com/d_driver_fallback_image.png/content/dam/fom-website/drivers/E/ESTOCO01_Esteban_Ocon/estoco01.png.transform/1col/image.png,14.0,14,15.0,,,,0 days 00:01:06.098000,Finished,0.0,24.0,17.8,25.4,62.8,2.7,True
2026,12,Dutch Grand Prix,Zandvoort,S,2026-08-23,87,BEA,bearman,Haas F1 Team,haas,Oliver,Bearman,https://media.formula1.com/d_driver_fallback_image.png/content/dam/fom-website/drivers/O/OLIBEA01_Oliver_Bearman/olibea01.png.transform/1col/image.png,15.0,15,17.0,,,,0 days 00:01:06.588000,Finished,0.0,24.0,17.8,25.4,62.8,2.7,True
2026,12,Dutch Grand Prix,Zandvoort,S,2026-08-23,23,ALB,albon,Williams,williams,Alexander,Albon,https://media.formula1.com/d_driver_fallback_image.png/content/dam/fom-website/drivers/A/ALEALB01_Alexander_Albon/alealb01.png.transform/1col/image.png,16.0,16,16.0,,,,0 days 00:01:14.632000,Finished,0.0,24.0,17.8,25.4,62.8,2.7,True
2026,12,Dutch Grand Prix,Zandvoort,S,2026-08-23,18,STR,stroll,Aston Martin,aston_martin,Lance,Stroll,https://media.formula1.com/d_driver_fallback_image.png/content/dam/fom-website/drivers/L/LANSTR01_Lance_Stroll/lanstr01.png.transform/1col/image.png,17.0,17,18.0,,,,0 days 00:01:14.650000,Finished,0.0,24.0,17.8,25.4,62.8,2.7,True
2026,12,Dutch Grand Prix,Zandvoort,S,2026-08-23,14,ALO,alonso,Aston Martin,aston_martin,Fernando,Alonso,https://media.formula1.com/d_driver_fallback_image.png/content/dam/fom-website/drivers/F/FERALO01_Fernando_Alonso/feralo01.png.transform/1col/image.png,18.0,18,22.0,,,,0 days 00:01:15.284000,Finished,0.0,24.0,17.8,25.4,62.8,2.7,True
2026,12,Dutch Grand Prix,Zandvoort,S,2026-08-23,77,BOT,bottas,Cadillac,cadillac,Valtteri,Bottas,https://media.formula1.com/d_driver_fallback_image.png/content/dam/fom-website/drivers/V/VALBOT01_Valtteri_Bottas/valbot01.png.transform/1col/image.png,19.0,19,19.0,,,,0 days 00:00:03.909000,Lapped,0.0,23.0,17.8,25.4,62.8,2.7,True
2026,12,Dutch Grand Prix,Zandvoort,S,2026-08-23,55,SAI,sainz,Williams,williams,Carlos,Sainz,https://media.formula1.com/d_driver_fallback_image.png/content/dam/fom-website/drivers/C/CARSAI01_Carlos_Sainz/carsai01.png.transform/1col/image.png,20.0,20,21.0,,,,0 days 00:00:37.723000,Lapped,0.0,23.0,17.8,25.4,62.8,2.7,True
2026,12,Dutch Grand Prix,Zandvoort,S,2026-08-23,11,PER,perez,Cadillac,cadillac,Sergio,Perez,https://media.formula1.com/d_driver_fallback_image.png/content/dam/fom-website/drivers/S/SERPER01_Sergio_Perez/serper01.png.transform/1col/image.png,21.0,21,20.0,,,,0 days 00:01:02.477000,Lapped,0.0,21.0,17.8,25.4,62.8,2.7,True
2026,12,Dutch Grand Prix,Zandvoort,S,2026-08-23,27,HUL,hulkenberg,Audi,audi,Nico,Hulkenberg,https://media.formula1.com/d_driver_fallback_image.png/content/dam/fom-website/drivers/N/NICHUL01_Nico_Hulkenberg/nichul01.png.transform/1col/image.png,22.0,R,14.0,,,,,Lapped,0.0,7.0,17.8,25.4,62.8,2.7,True
